Name,Address,Phone,Website
1660882 Ontario Inc,"1065 Kingsway, Sudbury, Sudbury, ON P3B 2E6",(705) 566-0777,N/A
2779571 Ontario Inc,"1-220 Hwy 11, Smooth Rock Falls, On",(705) 338-4044,http://essostations.com/
5 Mile Corner,"1284 Hwy 72, Sioux Lookout, On",(807) 737-1654,N/A
6 Eleven Multi Mart,"512 Lakeshore Dr, North Bay, North Bay, ON P1A 2E4",(705) 494-7611,N/A
7-Eleven,"212 Government St & Myrtle, Dryden, Dryden, ON P8N 2R1",(807) 223-6048,https://stores.7-eleven.ca/store/27517
A & A Catering,"4077 Frost Ave, Hanmer, Hanmer, ON P3P 1E2",(705) 698-6900,http://www.facebook.com/7013
A & G Freshmart,"417 Fifth Ave, Matheson, Cochrane District, ON P0K 1N0",(705) 273-1661,N/A
A & M's Variety,"35 Second Ave Gd, Coniston, Sudbury District, ON P0M 1M0",(705) 694-0400,N/A
A & P Food & Drug,"248 Northern Ave E, Sault Ste Marie, Sault Ste. Marie, ON P6B 4H6",(705) 945-6150,N/A
A And D General Store,"364 Mcintyre Ave, Ramore, Cochrane District, ON P0K 1R0",(705) 236-4342,http://www.thebeerstore.ca/
A1,"210 Winnipeg Street, White River, Sudbury District, ON P0M 3G0",(807) 822-1234,http://esso.ca/
A1 Grocery Delivery,N/A,(807) 474-8292,N/A
AXCO - Garage Michel Grenier Inc.,"66 Notre-Dame O, Lorrainville, Qc J0Z 2R0",(819) 625-2377,N/A
Abitibi Campground Confectionery,N/A,(705) 272-6518,N/A
Airport Motor Inn,"1 A 17 Hwy N, Marathon, Nipigon, ON P0T 2E0",N/A,http://www.destinia.com/
Aitkokan Foodland,"110 O'Brien, Atikokan, Nipigon, ON P0T 1C0",(807) 597-2595,N/A
Akwan,"Attawapiskat, Hearst/Cochrane, ON P0L 1A0",(705) 997-9990,N/A
Al's & Mym's Smoke Shop,"53 Rue Polson Gd, Notre-Dame-Du-Nord, Qc J0Z 3B0",(705) 282-2591,http://www.shell.ca/
Al's Best Buy,"66 Brunetville Rd, Kapuskasing, Kapuskasing, ON P5N 2G3",(705) 335-3350,N/A
Alarie's Esso,"411 Fourth Ave, Matheson, Cochrane District, ON P0K 1N0",(705) 273-2435,N/A
Albert & Sons Towing,"211 Hwy 17, White River, Sudbury District, ON P0M 3G0",(807) 822-2441,http://www.albertandsonsservices.com/
Altramar,"38 First St, Englehart, On",(705) 544-8588,N/A
Andrew's valu-mart,"24 Amanda St, Coniston, Sudbury District, ON P0M 1M0",(705) 694-4723,https://www.valumart.ca/store-locator/details/7524
André Tardiff,"140 Colonization Ave N, Dryden, ON P8N 2P1",(613) 900-6183,http://www.joeandremasonry.com/
Andy's Convenience,"211 Maani, Lively, Sudbury District, ON P0M 2M0",(705) 692-7629,N/A
Angel's Mini Mart,"136 Railway St, Cochrane, Hearst/Cochrane, ON P0L 1C0",(705) 272-5861,https://www.facebook.com/Angels-Mini-Mart-251843375315600/
Ann's Country Store,"Rr 1, Dorion, Nipigon, ON P0T 1K0",(807) 857-1143,N/A
Arellas Quality Dollar Store,"292 Bay St, Thunder Bay, Thunder Bay, ON P7B 1R8",(807) 344-3234,N/A
Ari Interprises,"119 539Ahwy, Field, Nipissing, ON P0H 1M0",(705) 758-6820,http://www.thebeerstore.ca/
Asselin's Your Independent Grocer Hawkesbury,"1560 Cameron Street, Hawkesbury, Northern Ontario, ON K6A 3S5",(844) 893-5622,http://www.yourindependentgrocer.ca/LCLOnline/store_details_landing_page.jsp?storeId=630
Atikokan Newstand-87,"303 Main W, Atikokan, Nipigon, ON P0T 1C0",(807) 597-4226,N/A
Aunty Bella's Convenience,"169-1020 Muskoka Rd S, Gravenhurst, Gravenhurst, ON P1P 1K6",(705) 684-8000,N/A
Austin's Valu-Mart,"66 Fourth Ave, Englehart, Timiskaming, ON P0J 1H0",(705) 544-2201,https://www.valumart.ca/store-locator/details/2697
Auto Medic,"407 Fort William Rd, Thunder Bay, Thunder Bay, ON P7B 2Z5",(807) 344-9291,N/A
Auto Tech Sales & Service,"6153 Hwy 69 N, Hanmer, Hanmer, ON P3P 1L1",(705) 969-2331,N/A
B & L Reddick Garage & Convenience Store,"75 Manitou W, Manitouwadge, Nipigon, ON P0T 2C0",(807) 826-3902,http://www.thebeerstore.ca/
B & L Reddick Ltd,"75 Manitou W, Nipigon, ON P0T 2C0",(613) 542-2488,N/A
B & P Variety,"Perrault Falls Gd, Perrault Falls, Red Lake, ON P0V 2K0",(807) 529-6475,N/A
B F Gas Bar & Car Wash,"43 Veterans Rd, Copper Cliff, Sudbury District, ON P0M 1N0",(705) 682-4554,N/A
BNS Corner Gas Inc,"102 King St, North Cobalt, On",(705) 672-5577,N/A
Bala Freshmart,"1003 Mill St, Muskoka Lakes, On",(705) 762-1254,http://bala.muskoka-ontario.com/
Bala General Stop & Shop,"3007 Muskoka Road 169, Bala, Mactier, ON P0C 1A0",(705) 762-3333,N/A
Balmer Video,"250 Fifth St, Balmertown, Red Lake, ON P0V 1C0",(807) 735-2515,N/A
Balmertown Food Fair,"2 7Th Street, Balmertown, Red Lake, ON P0V 1C0",(807) 735-2132,N/A
Balmertown-See Government Listings In The BluePages,N/A,N/A,N/A
Bannon's Gas Bar,"800 City Rd, Fort William First Nation, Thunder Bay, ON P7J 1K4",(807) 626-9821,N/A
Bartolomucci Dante,"1-154 Sixth Ave, Timmins, Timmins, ON P4N 5M3",(705) 264-5237,N/A
Battistelli's Your Independent Grocer,"65 Regional Rd 24, Lively, Lively, ON P3Y 1C3",(705) 692-3514,https://www.yourindependentgrocer.ca/store-locator/details/0458
Bay Truckstop & Restaurant,"3060 11 Hwy N, North Bay, North Bay, ON P1B 8K2",(705) 495-0650,N/A
Bearskin Petro Fuel Depot,"Bearskin Lake Gd, Bearskin Lake, Red Lake, ON P0V 1E0",(807) 363-1073,N/A
Beausejour Consumers Co-op Ltd,"605 Park Ave, Mb R0E 0C0",(613) 443-3064,https://www.yourindependentgrocer.ca/store-locator/details/0827
Beausejour Consumers Co-op Ltd,"20 Co-Op Dr, Oakbank, Mb R0E 1J0",(905) 889-4851,https://thornhillvetclinic.com/
Beausejour Consumers Co-op Ltd,"44 Burrows Rd, Pinawa, Mb R0E 1L0",(613) 692-5858,http://www.ckca.ca/
Beausejour Consumers Co-op Ltd,"822 Park Ave, Beausejour, Mb R0E 0C0",(613) 834-4363,http://www.headtotoe.pthealth.ca/
Beaver Gas Bar,"391 Lorne St, Sudbury, Sudbury, ON P3C 4R1",(705) 675-5221,N/A
Beaver Gas Bars,"807 Red River Rd, Thunder Bay, Thunder Bay, ON P7B 1K3",(807) 767-1283,N/A
Beaver Mills Market Ltd,"420 Atwood, Rainy River, Rainy River, ON P0W 1L0",(807) 852-1275,https://www.facebook.com/pages/Beaver-Mills-Market/183562145017703
Beaverton Convenience,"286 Mara Rd Gd, Main, Beaverton, Northern Ontario, ON L0K 1A0",(705) 426-4190,N/A
Beckers,"3520 Petawawa Bl, Petawawa, Northern Ontario, ON K8H 1W9",(613) 687-6940,N/A
Belair Community Store,"39001 Belair Rd, Bélair, Mb R0E 0E0",(905) 685-4777,http://merrittonmatters.ca/
Bella-Jade's,"Fort Albany, On",(705) 278-3068,N/A
Bent River General Store,"Hwy 141 Rr 1, Utterson, Muskoka, ON P0B 1M0",(705) 769-1064,http://www.bentriver-campground.com/
Berger's Store,"Arnstein, Nipissing, ON P0H 1A0",N/A,N/A
Bergie's,"654 Park Ave, Beauséjour, Mb R0E 0C0",(613) 834-1511,N/A
Berthiaume Gas & Gin,"19 Cedar Grove Dr, Sturgeon Falls, Sturgeon Falls, ON P2B 3H3",(705) 753-0481,N/A
Betty's,"Meredith, Gore Bay, Manitoulin, ON P0P 1H0",(705) 282-2580,N/A
Big Arrow Gas Bar,"1128 Highway 17 B, Garden River, Sault Ste. Marie, ON P6A 6Z5",(705) 946-0368,N/A
Big Pines Trailer Sales Ltd,"344 Cumberland St N, Thunder Bay, Thunder Bay, ON P7A 4P2",(807) 345-9721,http://bigpinestrailer.ca/
Bigway,"17 Main Street, Kakabeka Falls, Nipigon, ON P0T 1W0",N/A,N/A
Birchaven And Variety,"163 Sage Rd, North Bay, North Bay, ON P1A 3A5",(705) 472-5777,N/A
Birchwood Esso,"506 &Hwy 1E Gd, Hadashville, Mb R0E 0X0",(204) 426-2134,http://www.imperialoil.ca/
Bissett Service & Hardware,"66 Antonio St Gd, Bissett, Mb R0E 0J0",(844) 322-3541,N/A
Black Bear Spirit Coffee,"5915 540 Hwy, Mindemoya, On",(705) 377-4727,N/A
Blanchette Freshmart,"164 Main St, Smooth Rock Falls, Hearst/Cochrane, ON P0L 2B0",(705) 338-2708,N/A
Blinkhorn's Corner Variety,"Rr 1 Stn Main, Fergus, Northern Ontario, ON N1M 2W3",(519) 843-7656,N/A
Bombay One Stop Inc.,"2605 Victoria Ave E, Thunder Bay, Thunder Bay, ON P7C 1E8",(807) 770-5097,N/A
Bonfield Kwik-Way,"308 Church St, Bonfield, Nipissing, ON P0H 1E0",(705) 776-1323,http://ebonfield.org/
Bouchard Grocery,"361 Mcintyre Ave, Ramore, On",(705) 236-9901,N/A
Bouillon's Esso,"331 Hwy 17, Mckerrow, Manitoulin, ON P0P 1M0",(705) 862-7525,N/A
Bowman Fuels Ltd,"96 Hanes Rd, Huntsville, Huntsville, ON P1H 2P6",(705) 789-4631,https://retail.petro-canada.ca/en/independent/locations.aspx
Bowman's Berry Patch,"211259 Garden Rd, Thornloe, Timiskaming, ON P0J 1S0",(705) 563-8444,N/A
Brady Kwik-Way Convenience Store,"233 Brady St, Unit 4, Sudbury, Sudbury, ON P3B 4H5",(705) 674-6000,N/A
Brennan & Samantha’s Your Independent Grocer Cochrane,"31-1 Hwy 11 W, Cochrane, Hearst/Cochrane, ON P0L 1C0",(705) 272-4238,https://www.valumart.ca/store-locator/details/7525
Brian’s Your Independent Grocer Hearst,"1521 Hwy 11 W, Hearst, Hearst/Cochrane, ON P0L 1N0",(705) 362-1168,https://www.yourindependentgrocer.ca/store-locator/details/1793
Bridal Veil Esso,"31 Main St, Kagawong, Manitoulin, ON P0P 1J0",(705) 282-2593,http://www.thebeerstore.ca/
Broken Canoe Trading Post,"7 West, Blind River, Algoma, ON P0R 1B0",(705) 356-1927,N/A
Brokenhead Ojibway Nation,"2 Bison Dr E, Scanterbury, Mb R0E 1W0",N/A,http://www.brokenheadojibwaynation.net/
Brookfield Market,"899 Second Line W, Sault Ste Marie, Sault Ste. Marie, ON P6C 2L5",(705) 256-6912,N/A
Bruneau Travel Centre,"65 Hwy 11 W, Cochrane, Hearst/Cochrane, ON P0L 1C0",(705) 272-4303,N/A
Buchanan Convenience Store,"Hwy 522, Port Loring, Nipissing, ON P0H 1Y0",(705) 757-3493,N/A
Buie General Store,"9379 Highway 542, Spring Bay, Manitoulin, ON P0P 2B0",(705) 377-5734,http://www.thebeerstore.ca/
Bulk Barn,"850 Mckeown Ave, North Bay, North Bay, ON P1B 8M1",(705) 475-9128,http://www.bulkbarnfoods.com/
Bulk Barn,"1349 Lasalle Blvd, Sudbury, Sudbury, ON P3A 1Z2",(705) 523-2153,http://bulkbarn.ca/
Bullock's Your Independent Grocer,"131 Howland Dr, Huntsville, Huntsville, ON P1H 2P7",(705) 789-6972,https://www.yourindependentgrocer.ca/store-locator/details/2719
Burks Falls Kwik Way,"170 Ontario, Burks Falls, Parry Sound District, ON P0A 1C0",(705) 382-2887,N/A
Buzah Variety,"922 Wikwemikong Way, On",(705) 859-3886,N/A
Bvd Northbay Inc,"280 Pinewood Park Dr, North Bay, North Bay, ON P1B 8Z4",(705) 494-8100,N/A
Byrnes Gulf Service (Sudbury) Ltd,"234 Notre Dame E, Azilda, Sudbury District, ON P0M 1B0",(705) 983-4832,N/A
C & C Service,"1405 Valley Dr, Kenora, Kenora, ON P9N 2V1",(833) 250-5620,http://cchusky.ca/
Callander Gas Bar,"6 Main S, Callander, Nipissing, ON P0H 1H0",(705) 752-4427,N/A
Cameron General Store,"Cameron, Central Ontario, ON K0M 1G0",(705) 359-1333,N/A
Campbell's Foods,"74 Mcarthur Av, Lac Du Bonnet, Mb R0E 1A0",(204) 345-2308,https://familyfoods.ca/store-locator/manitoba/#mb-lac-du-bonnet-campbells-manitoba
Camping Laniel Marina Enr,"1991, 101 Rte, Laniel, Qc J0Z 2K0",(819) 634-2666,http://www.facebook.com/175199753189363
Canada Safeway Limited,"115 Arthur St W, Thunder Bay, Thunder Bay, ON P7E 5P7",(807) 473-5993,N/A
Canadian Tire,"50 Hillside Dr S, Elliot Lake, Elliot Lake, ON P5A 1M7",(705) 848-3663,http://www.canadiantire.ca/
Canadian Tire,"5206 Highway 69 North, Hanmer, Hanmer, ON P3P 1Z3",(705) 969-4242,https://www.canadiantire.ca/en/store-details/on/hanmer-on-657.html?utm_source=yext&utm_medium=lss
Canadian Tire,"939 Fort William Rd, Thunder Bay, Thunder Bay, ON P7B 3A6",(807) 623-1999,http://www.canadiantire.ca/
Canadian Tire,"2199 Riverside Dr, Timmins, Timmins, ON P4R 0A1",(705) 268-8591,https://canadiantire.ca/
Canadian Tire,"54 Broadway Avenue, Wawa, Algoma, ON P0S 1K0",(705) 856-2285,https://www.canadiantire.ca/en/store-details/on/wawa-on-279.html?utm_source=yext&utm_medium=lss
Canadian Tire,"1229 Highway 17 East, Kenora, Kenora, ON P9N 1L9",N/A,https://canadiantire.ca/
Canadian Tire - Gas+,"1404 Front St, Hearst, Hearst/Cochrane, ON P0L 1N0",(705) 362-1115,http://gasplus.canadiantire.ca/
Canadian Tire - Gas+,"165 Govt Rd W, Kirkland Lake, Kirkland Lake, ON P2N 2E8",(705) 567-4446,https://gasplus.canadiantire.ca/
Canadian Tire - Gas+,"1403 Algonquin Ave, North Bay, North Bay, ON P1B 4Y6",(705) 497-0524,http://www.canadiantire.ca/
Canadian Tire - Gas+,"752 Wellington St W, Sault Ste Marie, Sault Ste. Marie, ON P6C 3V4",(705) 256-2185,https://gasplus.canadiantire.ca/
Canadian Tire - Gas+,"12011 Hwy 17 East, Sturgeon Falls, Sturgeon Falls, ON P2B 2H4",(705) 753-3430,https://gasplus.canadiantire.ca/
Canadian Tire Associate Store,"409 Government, On",(807) 223-4026,N/A
Canadian Tire Associate Store,"Parry Sound, On",(705) 746-9706,http://www.canadiantire.ca/
Canadian Tire Gas Bar,"5206 Municipalroad80, Hanmer, Hanmer, ON P3P 1Z3",(705) 969-5784,N/A
Canadian Tire Gas+,"3595 Hwy 144, Chelmsford, Sudbury District, ON P0M 1L0",(705) 855-5817,https://www.canadiantire.ca/en/store-details/on/chelmsford-on-1029.html
Canadian Tire Gas+,"215 Highway, Cochrane, Hearst/Cochrane, ON P0L 1C0",(705) 272-4850,https://www.canadiantire.ca/en/store-details/on/cochrane-on-1031.html
Canadian Tire Gas+,"77 King William St., Huntsville, Huntsville, ON P1H 1E4",(705) 789-5085,https://www.canadiantire.ca/en/store-details/on/huntsville-on-1552.html
Canadian Tire Gas+,"1201 Highway 17 East, Kenora, Kenora, ON P9N 1L9",N/A,https://canadiantire.ca/
Canco One Stop,"Hwy 17, Terrace Bay, Nipigon, ON P0T 2W0",(807) 825-3268,http://bumpertobumper.ca/en/store-locator/null/terrace-bay-bumper-to-bumper-1285
Cando's Corner,"18 Pic River Rd, Nipigon, ON P0T 1R0",(705) 253-3736,N/A
Capstone Market & Car Wash,"2 Capstone Lane, Huntsville, Huntsville, ON P1H 0A2",(705) 789-9997,N/A
Cara's Convenience,"1055A Lorne St, Sudbury, Sudbury, ON P3C 4S5",(705) 674-0763,http://carasconvenience.com/menu/
Cargill Variety,"205 Cargill, Cargill, Northern Ontario, ON N0G 1J0",(519) 366-2311,N/A
Caribbean Corner,"171 Baldwin St, Toronto, Northern Ontario, ON M5T 1L9",(416) 593-0008,http://www.facebook.com/123551024775801
Carl & Kay's Fine Foods,"2091 Pr 308, Sprague, Mb R0A 1Z0",(807) 345-1616,http://www.cumberlandrestaurant.ca/
Casey's Propane,"26062 Hwy 62, L'Amable, Northern Ontario, ON K0L 1C0",(844) 360-2735,N/A
Cash 'N Carry Store,"Weagamow Lake Gd, Weagamow Lake, Red Lake, ON P0V 2Y0",(807) 469-6230,http://smartfoodservice.com/
Casuals' Convenience Store,"1 Patricia Ave, Pickle Lake, Red Lake, ON P0V 3A0",(807) 928-2221,N/A
Central Car Wash,"811 Central Ave, Thunder Bay, Thunder Bay, ON P7B 6P8",(807) 346-0405,http://www.centralcarwash.ca/
Chapman's Gas Bar,"698 City Rd, Thunder Bay, On",(807) 622-1245,N/A
Charbonneau's Freshmart,"32 Ottawast, Whitney, On",(613) 637-5353,N/A
Charlie's Bay Bait & Tackle,"826 Mississauga, Buckhorn, Northern Ontario, ON K0L 1J0",(705) 657-9946,http://www.facebook.com/144178639489869
Charloo's West Indian Foods,"1646 Victoria Park Ave, North York, Northern Ontario, ON M1R 1P7",(416) 759-7680,https://www.yelp.ca/biz/charloos-west-indian-foods-north-york
Chartrand's Your Independent Grocer,"4764-17 Regional Rd 15, Chelmsford, Sudbury District, ON P0M 1L0",(705) 855-4588,http://www.yourindependentgrocer.ca/
Chenard Restrnt & Gas Bar,"John, Mattawa, Nipissing, ON P0H 1V0",(705) 744-5679,N/A
Cheong Stanley,"1025 Mill, Central Ontario, ON K0M 1R0",(705) 447-2337,N/A
Chester's Shore Lunch,"37 Beaucage Park Rd, North Bay, North Bay, ON P1B 8G5",(705) 494-9747,N/A
Chez Nous Variety & Take Out,"20 Vimy Ave, Timmins, Timmins, ON P4N 4G9",(705) 267-7297,http://cheznoustimmins.ca/
Chez Real Confectionery,"175 Main St, Smooth Rock Falls, Hearst/Cochrane, ON P0L 2B0",(705) 338-2566,http://www.thebeerstore.ca/
Chipman Gas Bar,"8 Chipman St, Kenora, Kenora, ON P9N 1V6",(807) 468-5243,https://www.redriverco-op.crs/sites/redriver
Chookomolin Diversified Products,"Peawanuck, Hearst/Cochrane, ON P0L 2H0",(705) 473-2567,N/A
Chris' Your Independent Grocer Sudbury,"82 Lorne St, Sudbury, Sudbury, ON P3C 4N8",(705) 671-3051,https://www.yourindependentgrocer.ca/store-locator/details/2671
Christine's Food Services,"1921 Dawson Rd, Thunder Bay, Thunder Bay, ON P7G 2E8",(807) 768-1735,N/A
Circle K (Mac's Convenience Stores),"94 Notre Dame St W, Azilda, Sudbury District, ON P0M 1B0",(705) 983-2884,http://macs.ca/
Circle K (Mac's Convenience Stores),"425 Mara Rd, Beaverton, Northern Ontario, ON L0K 1A0",(705) 426-9240,http://macs.ca/
Circle K (Mac's Convenience Stores),"32 Government Rd E, Etobicoke, Kapuskasing, ON P5N 2W5",(905) 275-3748,http://www.facebook.com/1684021331815197
Circle K (Mac's Convenience Stores),"3481 Falconbridge Hwy, Garson, Garson, ON P3L 1S4",(705) 693-5703,http://macs.ca/
Circle K (Mac's Convenience Stores),"1 Minerva St E, Huntsville, Huntsville, ON P1H 1P2",(705) 789-4588,http://macs.ca/
Circle K (Mac's Convenience Stores),"145 Railway St, Nipigon, Nipigon, ON P0T 2J0",(807) 887-2212,http://macs.ca/
Circle K (Mac's Convenience Stores),"24 Marshall Ave E, North Bay, North Bay, ON P1A 1R1",(705) 474-3411,http://macs.ca/
Circle K (Mac's Convenience Stores),"3 Bowes St, Parry Sound, Parry Sound, ON P2A 2N7",(705) 746-5994,http://macs.ca/
Circle K (Mac's Convenience Stores),"12 2Nd Line W, Sault Ste Marie, Sault Ste. Marie, ON P6C 2H9",(705) 949-6695,http://www.macs.ca/
Circle K (Mac's Convenience Stores),"2100 Lasalle Blvd, Sudbury, Sudbury, ON P3A 2A6",(705) 560-2399,http://macs.ca/
Circle K (Mac's Convenience Stores),"745 Simpson St, Thunder Bay, Thunder Bay, ON P7C 3K2",(807) 623-7111,https://www.circlek.com/ca/ontario/store-ontario/Canada/thunder-bay/708-may-street-north/61
Circle K (Mac's Convenience Stores),"3-30 Algonquin Blvd W, Timmins, Timmins, ON P4N 2R3",(705) 268-6021,http://macs.ca/
City Meat Market,"814 Queen St E, Sault Ste Marie, Sault Ste. Marie, ON P6A 2B1",(705) 256-2271,https://www.citymeatmarket.com/
Clark's Corner,"532 Main St, Powerview, Mb R0E 1P0",(905) 886-3965,http://www.thefootinstitute.ca/
Clark's Corner Gas,"41 Dickenson, Balmertown, Red Lake, ON P0V 1C0",(807) 735-2135,http://www.imperialoil.ca/
Clearwater Market Inc,N/A,(807) 733-2816,N/A
Cloverleaf Grocery,"Highway 11-71, Emo, Rainy River, ON P0W 1E0",(807) 482-2599,N/A
Cloverleaf Shop Easy Foods,"5970 Hwy 11, Emo, Rainy River, ON P0W 1E0",(807) 482-2793,N/A
Club Coopératif d'Alimentation de Montbrun,"9996 Rang Du Berger, Rouyn-Noranda, Qc J0Z 2Y0",(819) 637-7144,N/A
Co-Op Régionale Nipissing Sudbury,"3466 Hwy 144, Chelmsford, Sudbury District, ON P0M 1L0",N/A,http://www.coopregionale.com/
Co-Opérative Régionale Nipissing-Sudbury Limited,"4 Principal St, Verner, Nipissing, ON P0H 2M0",N/A,https://coopregionale.com/
Co-op Gas Bar,"264 Government St, Dryden, Dryden, ON P8N 2R5",(807) 223-5243,https://www.redriverco-op.crs/sites/redriver
Co-op Gas Bar,"500 King'S Hwy, Fort Frances, Fort Frances, ON P9A 3P8",(807) 274-7680,https://www.co-op.crs/home
Cobi's Convenience,"184 Regional Road 8, Sudbury District, Onaping, Sudbury District, ON P0M 2R0",(613) 273-3474,http://thesalmonhouse.ca/
Collins' Valu-Mart,"24 Commercial Dr, Burks Falls, Parry Sound District, ON P0A 1C0",(705) 382-3134,https://www.valumart.ca/store-locator/details/0832
Convenience 94,"Corbeil, Callander, On",(705) 752-3460,N/A
Cooke's Fine Foods And Coffee,"61 Brock St, Kingston, Northern Ontario, ON K7L 1R8",N/A,http://www.cookesfinefoods.com/
Cornball store,"1664 Nipissing S, On",(705) 387-0653,http://www.magnetawan.com/
Corny's Variety Store,"Fort Hope, Fort Hope, Nipigon, ON P0T 1L0",(807) 242-1316,N/A
Corny's Variety Store,N/A,(807) 242-7265,https://www.truserv.ca/
Corrie's Corner,"999958 Hwy 11, Harley, On",(289) 308-6989,N/A
Couche-Tard Succursales,"370 Bd Des Laurentides, St Jér, Qc",(418) 524-0303,N/A
Country Store & Esso,"9142B Hwy 17, Bruce Mines, Algoma, ON P0R 1C0",(705) 785-3115,http://countrystorecatalog.com/
Cozy's Towing,"1460 Rosslyn Rd, Thunder Bay, Thunder Bay, ON P7E 6W1",N/A,http://cozycornerservice.ca/
Cozy's Towing & Float Service,"1485 John Street Rd, Thunder Bay, Thunder Bay, ON P7G 1J1",N/A,http://cozycornerservice.ca/
Crazy Good Spices,N/A,(807) 629-1312,N/A
Creations By Melanie,"2075 Demers Rd, Douro-Dummer, Northern Ontario, ON K0L 2H0",(705) 313-3722,https://www.facebook.com/creationsmelanie/
D & A Gas Bar & Variety,"1 Whitesand Indian Reserve, Armstrong Station, Nipigon, ON P0T 1A0",(807) 583-2350,N/A
D & L Confectionery,"412 Fifth Ave, Matheson, Cochrane District, ON P0K 1N0",(705) 273-2293,N/A
D H Foods Ltd,"3 Peninsula Rd, Marathon, Nipigon, ON P0T 2E0",(807) 229-0641,N/A
Dahls Coin Laundry And Coffee Bar,"336 Stewart St, Renfrew, Northern Ontario, ON K7V 1Y1",(613) 432-5091,https://www.facebook.com/pages/Dahls-Coin-Laundry-Convenience/207755749343434
Dailey's Your Independent Grocer,"654 Algonquin Blvd E, Timmins, Timmins, ON P4N 8R4",(705) 264-8233,https://www.yourindependentgrocer.ca/store-locator/details/7161
Dallor Mart,"34 Cameron St W, Cedar Hurst, Northern Ontario, ON L0E 1E0",(705) 432-3111,N/A
Dalseg's Trading Pose,"1624B 71Hwy, Nestor Falls, Hudson, ON P0X 1K0",(807) 484-2172,http://nestor-falls-dalsegs-trading-post.small-outlets.lc/
Damco Fuels & Supplies,"211 Hwy 11 W, Moonbeam, On",(705) 367-2001,N/A
Dancyt's Foods,"60 2Nd St, Lac Du Bonnet, Mb R0E 1A0",(204) 345-8720,N/A
Dancyt's Foods,"19 Pine St, Pine Falls, Mb R0E 1M0",(705) 920-5546,N/A
Dandy's Confectionery Store,"472 Ch Kipawa, Kipawa, Qc",(819) 627-9663,N/A
Daneff's Food Market,"108 1 Av N W, Geraldton, Nipigon, ON P0T 1M0",(807) 854-1401,http://daneffsfoodmarket.ca/
Davys Independant Grocer,"55 Scott St, Nlskd, Timiskaming, ON P0J 1P0",(705) 647-8844,https://www.yourindependentgrocer.ca/store-locator/details/2688
Dean's Valu-mart Gore Bay,"40 Meredith St, Gore Bay, Manitoulin, ON P0P 1H0",(705) 282-2500,https://www.valumart.ca/store-locator/details/2635
Delivery in North Bay,"17 Mercer Dr, North Bay, North Bay, ON P1A 2N6",(705) 499-7917,N/A
Depanneur Bourdages,"510 Tremblay, Hearst, Hearst/Cochrane, ON P0L 1N0",(705) 362-8925,N/A
Devil's Gap Marina,"724 Bald Indian Bay, Kenora, Kenora, ON P9N 3W9",(807) 548-2120,http://www.facebook.com/pages/Devils-Gap-Marina/148108605267793
Devlin's Corner Store,"3450 1171Hwy, Devlin, On",(807) 486-0545,http://devlin-devlynnes.small-outlets.lcbo.tel/
Dino's Milk Mart,"975 Lorne St, Sudbury, Sudbury, ON P3C 4S1",(705) 675-5387,N/A
Dog Star Service,"Moyneur, Matachewan, Cochrane District, ON P0K 1M0",(705) 565-2262,http://www.thebeerstore.ca/
Donald L Davidson Fuels Ltd,"54 Pinewood Dr, Wawa, Algoma, ON P0S 1K0",(705) 856-2166,http://davisonoil.com/
Donovan Variety,"533 Kathleen St, Sudbury, Sudbury, ON P3C 2N1",(705) 670-9288,N/A
Douglas Variety & Video,"76 Douglas St, Sudbury, Sudbury, ON P3E 1E8",(705) 670-0892,N/A
Downtown Variety,"180 Main St E, North Bay, North Bay, ON P1B 1A8",(705) 494-9000,N/A
Drifters Restaurant and Motel,"3 Simcoe Plaza, Terrace Bay, Nipigon, ON P0T 2W0",N/A,http://driftersimperialmotel.ca/
Drummond Fuels (Ottawa) Ltd,"30 Rideau Heights Dr, Nepean, Northern Ontario, ON K2E 7A6",(613) 699-4404,http://www.drummonds.com/
Dugald Convenience Store,"27014 Pth 15 Rd 60N, Dugald, Mb R0E 0K0",(819) 647-2933,N/A
Dumont George Service Station Ltd,"559 Ambridge Dr, Iroquois Falls, Cochrane District, ON P0K 1E0",(705) 232-4263,N/A
Dwight Market Pharmacy,"Dwight, On",(705) 635-2551,N/A
Dépanneur Beco Licencié,"51 De L'Église N, Lorrainville, Qc J0Z 2R0",(819) 625-2020,N/A
Dépanneur Chez Estelle Enr,"900 Avenue Larivière, Rouyn-Noranda, Qc J9X 4K5",(819) 762-1630,N/A
Dépanneur Du Boutte,"1, Rue Ambroise E, Béarn, Qc J0Z 1G0",(819) 726-2674,N/A
Dépanneur Du Rond Point S.e.n.c,"22 Rue De L'École-Centrale, Angliers, Qc J0Z 1A0",(819) 949-2167,N/A
Dépanneur Lamarche,"302 Telegraph Rd, Alfred, Northern Ontario, ON K0B 1A0",(613) 679-4606,N/A
Dépanneur Stop 102 2011,"1623, Ch Kipawa Rr 1, Témiscaming, Qc J0Z 3R0",(819) 627-3190,N/A
Dépanneur Tabagie Lorrainville,"17 Rue Notre-Dame E, Lorrainville, Qc J0Z 2R0",(819) 625-2442,N/A
ESSO,"Hwy60, Huntsville, On",(705) 788-3233,https://www.esso.ca/en-ca/find-station/200325698
ESSO - Berthiaume Service Centre,"3466 Hwy 144 Po Box 250, Chelmsford, Sudbury District, ON P0M 1L0",(705) 855-4539,http://www.imperialoil.ca/
ESSO - Byeloe Service Station,"Hwy 17 N, Batchawana Bay, Algoma, ON P0S 1A0",(705) 777-2673,http://www.imperialoil.ca/
ESSO - Pauls Corner Store,"Hwy 540, M'Chigeeng, Manitoulin, ON P0P 1G0",(705) 377-4728,http://www.imperialoil.ca/
ESSO - Ste Marie Cardlock,"52 Black Rd, Sault Ste Marie, On",(705) 949-6202,http://www.imperialoil.ca/
ESSO - Two Bay Enterprises,"12 Ferguson Rd, Moosonee, Hearst/Cochrane, ON P0L 1Y0",(705) 336-2944,http://www.imperialoil.ca/
ESSO Sturgeon Falls,"113 Front St, Sturgeon Falls, Sturgeon Falls, ON P2B 2H5",(705) 753-2194,http://www.imperialoil.ca/
Eagle Lake Country Market,"2622 Eagle Lake Rd, Eagle Lake, Central Ontario, ON K0M 1M0",(705) 754-2538,http://eaglelakecountrymarket.ca/
Eagle Lake Narrows Country Store,"Eagle Lake, South River, Parry Sound District, ON P0A 1X0",(705) 386-0056,https://eaglelakenarrowscountrystore.com/
Eagles Nest Chip Stand & Gas Bar,"2 Migizii Miikan, North Bay, North Bay, ON P1B 8G5",(705) 474-2726,N/A
Earlton Country Store,"69 Tenth Avenue South, Earlton, Timiskaming, ON P0J 1E0",(705) 563-2671,http://www.earltontimbermart.ca/
Earlton Grocery King,"10Th St, Timiskaming, ON P0J 1E0",(705) 563-2260,N/A
East Arthur ESSO,"1315 Arthur St E, Thunder Bay, Thunder Bay, ON P7E 5N3",(807) 622-3355,http://www.imperialoil.ca/
Easton's valu-mart,"12646 Hwy 35, Minden, Central Ontario, ON K0M 2K0",(705) 286-3388,https://www.valumart.ca/store-locator/details/0859
Eastside Confectionary,"67 Eastern Ave, Sault Ste Marie, Sault Ste. Marie, ON P6A 4R3",(705) 946-2426,http://www.facebook.com/pages/EastSide-Confectionery/116231455110553
Eat Local Sudbury,"176 Larch St, Sudbury, Sudbury, ON P3E 1C5",(705) 521-6717,http://www.eatlocalsudbury.com/
Einar's Foods,"610 Scott St, Fort Frances, Fort Frances, ON P9A 1H6",(807) 274-5368,N/A
Elma Country Store,"59040 Pth 11, Elma, Mb R0E 0Z0",(204) 348-3379,N/A
Environmental Canada,"5405 Hwy 11, Temagami, On",(705) 569-2732,N/A
Epicerie Micheline Enr,"938 Rg 5 S, St-Ed-De-Fabre, Qc J0Z 1Z0",(819) 634-2119,N/A
Epicure Selections - Nancy Martin (Independent C onsultant),"376 Gifford Dr Rr 2, Ennismore, Northern Ontario, ON K0L 1T0",(705) 292-0544,N/A
Esso,"2351 Fischer-Hallman Rd, Ayr, Northern Ontario, ON N0B 1E0",(519) 696-2445,http://www.essostations.com/
Esso,"498 Causley St, Blind River, Algoma, ON P0R 1B0",(705) 356-2718,N/A
Esso,"26 Regional Rd 84, Capreol, Sudbury District, ON P0M 1H0",(705) 858-3424,http://esso.ca/
Esso,"Hwy 105, Ear Falls, Red Lake, ON P0V 1T0",(807) 737-1770,N/A
Esso,"225 Highway 108, Elliot Lake, Elliot Lake, ON P5A 2T1",(705) 848-4932,N/A
Esso,"141 Fourth Ave, Englehart, Timiskaming, ON P0J 1H0",(705) 544-5445,https://www.esso.ca/en-ca/find-station/200323595
Esso,"3397 Falconbridge Hwy, Garson, Garson, ON P3L 1E4",(705) 693-4707,http://www.esso.ca/
Esso,"67 Surrey St E, Guelph, Northern Ontario, ON N1H 3P7",(226) 780-2126,http://www.normsesso.ca/
Esso,"458 Cote Blvd, Hanmer, Hanmer, ON P3P 1N8",(705) 969-9210,http://www.imperialoil.ca/
Esso,"1112 Front St, Hearst, Hearst/Cochrane, ON P0L 1N0",(705) 362-4111,N/A
Esso,"Hwy 631 N Building 2001, Hornepayne, Sudbury District, ON P0M 1Z0",(807) 868-2638,https://esso.ca/
Esso,"48 Government Rd, Kapuskasing, Kapuskasing, ON P5N 2W6",(705) 335-3345,https://www.esso.ca/en-ca/find-station/200303441
Esso,"16 Government Rd E, Kirkland Lake, Kirkland Lake, ON P2N 1A2",(705) 567-1198,http://www.imperialoil.ca/
Esso,"105 Regional Rd 24, Lively, Lively, ON P3Y 1C3",(705) 692-0211,https://www.esso.ca/en-ca/find-station/200302869
Esso,"331 Hwy 17 W, Mckerrow, Manitoulin, ON P0P 1M0",(705) 862-7528,http://esso.ca/
Esso,"6015 Highway 542, Mindemoya, Manitoulin, ON P0P 1S0",(705) 377-6603,N/A
Esso,"300 Hwy 17, Nairn Centre, Sudbury District, ON P0M 2L0",(705) 869-4100,N/A
Esso,"1575 Seymour, North Bay, North Bay, ON P1B 8G4",(705) 497-7870,http://pioneer.ca/
Esso,"1402 Hwy 17 E Rr 1, Rutherglen, Nipissing, ON P0H 2E0",(705) 776-2452,http://www.imperialoil.ca/
Esso,"442 Bruce St, Sault Ste Marie, Sault Ste. Marie, ON P6B 1R4",(705) 254-1017,http://www.mfuels.com/
Esso,"4717 On-3 Rr5, Simcoe, Northern Ontario, ON N3Y 4K4",(519) 428-1534,http://www.imperialoil.ca/
Esso,"151 Front St, Spanish, Manitoulin, ON P0P 2A0",(705) 844-2332,http://www.imperialoil.ca/
Esso,"1120 John Street Rd, Thunder Bay, Thunder Bay, ON P7B 2A3",(807) 268-6722,N/A
Esso,"2154 Riverside Dr, Timmins, Timmins, ON P4N 7C3",(705) 268-3400,https://www.esso.ca/en-ca/find-station/200303493
Esso,"Hwy 11, Val Gagne, Cochrane District, ON P0K 1W0",(705) 232-4051,http://www.imperialoil.ca/
Esso,"161 Hwy 17 E, Wahnapitae, Sudbury District, ON P0M 3C0",(705) 694-5255,https://www.esso.ca/en-ca/find-station/200302923
Esso,"148 Mission Rd, Wawa, Algoma, ON P0S 1K0",(705) 856-2626,http://youngsgeneralstore.com/
Esso,"Hwy 59 & Hwy 11, Traverse Bay, Mb R0E 2A0",(204) 642-4600,N/A
Esso Aberfoyle 24 Hr,"227 Brock Rd S, Guelph, Northern Ontario, ON N1H 6H9",(519) 780-1822,http://www.imperialoil.ca/
Esso Convenience Store,"8824 Hwy 17 E, Warren, Nipissing, ON P0H 2N0",(705) 967-1526,N/A
Esso Shree Manibhadra Ontario Ltd,"104 Main, Ignace, Nipigon, ON P0T 1T0",(807) 934-2286,N/A
Excel Auto Repair,"713 Trunk Rd, Sault Ste Marie, Sault Ste. Marie, ON P6A 3T2",(705) 910-4395,http://www.excelautorepairs.ca/
Express Mart,"359 Riverside Dr, Sudbury, Sudbury, ON P3E 1H5",(705) 677-0648,N/A
Extra Foods,"647 Government St, Dryden, Dryden, ON P8N 2Z5",(807) 221-4440,https://www.nofrills.ca/store-locator/details/7135
Ezy Pzy Convenience,"216 Secondlinew, Sault Ste. Marie, Sault Ste. Marie, ON P6C 2J3",(705) 253-0004,N/A
Fair Convenience,"24 Fair St, Sioux Lookout, Sioux Lookout, ON P8T 1H3",(807) 737-7220,N/A
Falcon Lake Meat & Grocery,"19F Park Rd, Falcon Lake, Mb",(905) 945-9973,http://www.sobeys.com/en/stores/sobeys-grimsby
Family Food Centennial,"161 Court St S, Thunder Bay, Thunder Bay, ON P7B 2X7",(807) 939-3947,http://www.rencofoods.com/
Family Foods Costa's,"402 Winnipeg St, Schreiber, Nipigon, ON P0T 2S0",(807) 824-2311,N/A
Fantasy Falls,"4794 Hwy 11-17, Kakabeka Falls, Nipigon, ON P0T 1W0",(807) 577-8767,http://www.fantasyfalls.ca/
Farquhar's Orchards Fresh Food Market,"2621 Trout Lake Rd, North Bay, ON P1B 7S8",(705) 478-9731,N/A
Fas Gas Plus - Gas Station,"21 Duke St, Dryden, Dryden, ON P8N 1E6",(807) 223-2113,http://www.fasgas.ca/
Fergie's Confectionery,"1252 Woodbine Ave, Sudbury, Sudbury, ON P3A 2M1",(705) 566-2406,N/A
Festival Des Folies Franco-Fun,"59 Whitewood Ave W, New Liskeard, Timiskaming, ON P0J 1P0",(705) 647-6300,http://www.festivalfrancofun.ca/
Fetterley's Garage,"1770 Hwy 518 E, Kearney, Parry Sound District, ON P0A 1M0",(705) 636-5375,https://www.facebook.com/fetterleys.garage/
Flying J,"410 Government Rd E Rr 1, Kapuskasing, Kapuskasing, ON P5N 2X7",(705) 337-1333,https://locations.pilotflyingj.com/ca/on/kapuskasing/410-government-rd-e
Flying J inc,"987 Great Northern Rd, Sault Ste Marie, Sault Ste. Marie, ON P6A 5K7",(705) 942-1731,http://pilotflyingj.com/
Foleyet General Store,"45 Young, Foleyet, Sudbury District, ON P0M 1T0",(705) 899-2332,http://www.thebeerstore.ca/
Food Basics,"Hwy #69 N, Hanmer, Hanmer, ON P3P 1J6",(705) 969-4844,http://www.foodbasics.ca/en/index.html
Food Basics,"Hwy 11-B, New Liskeard, Timiskaming, ON P0J 1P0",(705) 647-7649,http://www.foodbasics.ca/en/index.html
Food Basics,"1901 Cassells St, North Bay, North Bay, ON P1B 4E1",(705) 472-8031,http://www.foodbasics.ca/en/index.html
Food Basics,"701 Pine St, Sault Ste Marie, Sault Ste. Marie, ON P6B 3G2",(705) 949-8929,http://www.foodbasics.ca/en/index.html
Food Basics,"400 Notre Dame Ave, Sudbury, Sudbury, ON P3C 5K5",(705) 566-8464,http://www.foodbasics.ca/en/index.html
Food Basics,"105 Brunette Rd, Timmins, Timmins, ON P4N 2R1",(705) 268-9922,http://www.foodbasics.ca/en/index.html
Foodland,"337 Hastings St N, Bancroft, Northern Ontario, ON K0L 1C0",(705) 657-3311,http://ontario.foodland.ca/stores/buckhorn/
Foodland,"62 Bolton St, Bobcaygeon, Central Ontario, ON K0M 1A0",(705) 738-2282,http://ontario.foodland.ca/stores/bobcaygeon/
Foodland,"3329 Buckhorn Rd, Cty Rd 23, Buckhorn, Northern Ontario, ON K0L 1J0",(705) 652-3202,http://ontario.foodland.ca/stores/lakefield/
Foodland,"30 Bay St, Callander, Nipissing, ON P0H 1H0",(705) 744-2228,http://ontario.foodland.ca/stores/mattawa/
Foodland,"85 Young St, Capreol, Sudbury District, ON P0M 1H0",(705) 858-2580,http://ontario.foodland.ca/stores/capreol/
Foodland,"6708 Hwy 35, Coboconk, Central Ontario, ON K0M 1K0",(705) 454-1414,http://ontario.foodland.ca/stores/coboconk/
Foodland,"40 Hillside Dr S, Elliot Lake, Elliot Lake, ON P5A 1M7",(705) 848-9790,http://ontario.foodland.ca/stores/elliot-lake/
Foodland,"315 Arthur Street South, Elmira, Northern Ontario, ON N3B 3L5",(519) 669-5403,http://www.foodland.ca/
Foodland,"1-3098 Falconbridge Hwy, Garson, Garson, ON P3L 1P5",(705) 693-7971,http://ontario.foodland.ca/stores/garson/
Foodland,"188 Highland St, Haliburton, Central Ontario, ON K0M 1S0",(705) 457-2242,http://ontario.foodland.ca/stores/haliburton/
Foodland,"171 Ambridge Dr, Iroquois Falls, Cochrane District, ON P0K 1G0",(705) 232-4071,http://ontario.foodland.ca/stores/iroquois-falls/
Foodland,"47 Government Rd E, Kirkland Lake, Kirkland Lake, ON P2N 1A4",(705) 567-6649,http://ontario.foodland.ca/stores/kirkland-lake/
Foodland,"37 Meredith St E, Little Current, Manitoulin, ON P0P 1K0",(705) 368-2651,http://ontario.foodland.ca/stores/little-current/
Foodland,"7 Front, Mactier, Mactier, ON P0C 1H0",(705) 375-2620,http://ontario.foodland.ca/stores/mactier/
Foodland,"11 Yonge St, Mindemoya, Manitoulin, ON P0P 1S0",(705) 377-6200,http://ontario.foodland.ca/stores/mindemoya-island/
Foodland,"12325 Hwy 35, Minden, Central Ontario, ON K0M 2K0",(705) 286-1121,http://ontario.foodland.ca/stores/minden-dollos/
Foodland,"10 Bruce Wilson Dr, Port Carling, Muskoka, ON P0B 1J0",(705) 765-3121,http://ontario.foodland.ca/stores/port-carling/
Foodland,"10 John St, Sundridge, Parry Sound District, ON P0A 1Z0",(705) 384-5378,http://ontario.foodland.ca/stores/sundridge/
Foodland,"670 Airport Rd, Timmins, Timmins, ON P4N 7C3",(705) 268-5020,http://ontario.foodland.ca/stores/timmins/
Foodland,"2763 Essonville Line, Wilberforce, Northern Ontario, ON K0L 3C0",(705) 448-2811,http://ontario.foodland.ca/stores/wilberforce/
Foodland,"10 Notre-Dame St W, Noelville, Sudbury District, ON P0M 2N0",N/A,N/A
For Your Convenience,"150 Mountainview Dr, North Bay, North Bay, ON P1A 3V5",(705) 472-8446,N/A
Forest Hill Grocery,"266 James Bay Junction Rd, Seguin, Parry Sound, ON P2A 0B2",(705) 751-7678,N/A
Formula 21 Gasoline Cochrane,"38 Huron Rd, Cochrane, Hearst/Cochrane, ON P0L 1C0",(705) 272-2505,N/A
Foster's Freshmart,"4 Robinson Dr, Bruce Mines, Algoma, ON P0R 1C0",(705) 785-3728,N/A
Four Corner Gas And Variety,"2137 Stevensville Rd, Stevensville, Northern Ontario, ON L0S 1S0",(905) 382-3311,N/A
Fraternite Retail & Convenience Inc.,"575 Churchill Ave, Sudbury, Sudbury, ON P3A 3Z6",(705) 566-1538,N/A
FrehshCo,"12 Cann St, Huntsville, Huntsville, ON P1H 1H3",(705) 789-9172,https://freshco.com/stores/cann-chaffey/
FreshCo,"800 Centre St, Espanola, Espanola, ON P5E 1J3",(705) 869-6777,https://freshco.com/stores/centre-mcculloch/
FreshCo,"2555 Trout Lake Rd., North Bay, North Bay, ON P1B 7S8",(705) 495-4221,https://freshco.com/stores/trout-lake-connaught/
Frosted Foods,N/A,(807) 468-8995,N/A
G & G Service,"4850-17 Hwy Gd, Upsala, Nipigon, ON P0T 2Y0",(807) 986-2201,N/A
G & P Confectionery,"3577 Errington Ave, Chelmsford, Sudbury District, ON P0M 1L0",(705) 855-2921,N/A
Gamiing Gas & Convenience Store,"Sheshegwaning Indian Reserve, Silver Water, Manitoulin, ON P0P 1Y0",(705) 283-3606,N/A
Gardiners Corner,"1268 Richards St, Richards Landing, Algoma, ON P0R 1J0",(705) 246-2614,N/A
Garson Foodmarket,"61 Birch St, Garson, Garson, ON P3L 1B4",(705) 693-2813,http://www.facebook.com/garsonfoodmarket
George's Market-Midway Grocery,N/A,(807) 345-2575,N/A
Georgian Bay Convenience,"1 Horseshoe Lake Rd, Seguin, Parry Sound, ON P2A 2W8",(705) 378-4770,N/A
Gillos Limited,"94 Main St W Gd, Chelmsford, Sudbury District, ON P0M 1L0",(705) 855-6665,N/A
Girard Esso,"19 Hwy 11 S, Cochrane, Hearst/Cochrane, ON P0L 1C0",(705) 272-5424,http://www.girardesso.com/
Glen Orchard General Store,"Glen Orch, Port Carling, Muskoka, ON P0B 1J0",(705) 765-3251,N/A
Gloria's Convenience,"469 Bouchard St, Sudbury, Sudbury, ON P3E 2K8",(705) 522-3800,N/A
Gluten Free Manitouwadge,N/A,(807) 228-3140,N/A
Goulais River Country Store,"Hwy 17 N, Goulais River, Algoma, ON P0S 1E0",(705) 649-3811,N/A
Grand Pas Convenience,"10 Giizhik Miikan W, Nippissing, Sturgeon Falls, ON P2B 3J7",(705) 580-2393,N/A
Grandpa Georges,"Hollow Water First Nation Gd, Manigotagan, Mb R0E 1E0",(204) 363-7400,N/A
Grandview Groceries,"3078 Hwy 520, Burks Falls, Parry Sound District, ON P0A 1C0",(705) 387-3894,N/A
Great Falls Foods,"98190 Pth 11, Great Falls, Mb R0E 0V0",(204) 367-2976,N/A
Green Achers Of Wabigoon,"10695 17 Hwy, Wabigoon, Kenora, ON P9N 2Y4",(807) 938-1804,http://www.thebeerstore.ca/
Green Acre Variety,"Hwy 595 Rr 1, Kakabeka Falls, Nipigon, ON P0T 1W0",(807) 475-5631,N/A
Greensidens Meat Processing,"19 Main, Devlin, Rainy River, ON P0W 1C0",(807) 486-3634,N/A
Greenway Groceries,"307 Gd, Seven Sisters Falls, Mb R0E 1Y0",(204) 348-7791,N/A
Greyhound,"173 Minnewawa St, Lac Du Bonnet, Mb R0E 1A0",(204) 345-6655,N/A
Grocer 4 Good,"147 Gore St, Sault Ste. Marie, Sault Ste. Marie, ON P6A 1M3",(705) 255-0445,N/A
H & M Mini Mart,"12 Hwy 540, Gore Bay, Manitoulin, ON P0P 1H0",(705) 282-3151,N/A
HUSKY/ESSO,"379 Government St, Dryden, Dryden, ON P8N 2P4",N/A,http://local.myhusky.ca/on/toronto/861-avenue-rd/
HUSKY/ESSO,"1565 Hwy 11 W, Hearst, Hearst/Cochrane, ON P0L 1N0",N/A,http://local.myhusky.ca/on/toronto/861-avenue-rd/
HUSKY/ESSO,"997491 Hwy 11 N, New Liskeard, Timiskaming, ON P0J 1P0",N/A,http://local.myhusky.ca/on/toronto/861-avenue-rd/
HUSKY/ESSO,"453 Trans-Canada Hwy, Nipigon, Nipigon, ON P0T 2J0",N/A,http://local.myhusky.ca/on/toronto/861-avenue-rd/
HUSKY/ESSO,"217 Hwy 17 N, White River, Sudbury District, ON P0M 3G0",N/A,http://local.myhusky.ca/on/toronto/861-avenue-rd/
Hannah's Food Mart,"5952 Palmer Rd Rr 1, Palmer Rapids, Northern Ontario, ON K0J 2E0",(613) 758-2177,http://www.thebeerstore.ca/
Harry's Market,"5 195 Wellington, Huntsville, Bracebridge, ON P1L 1P3",(705) 645-9937,N/A
Have your cake and eat it too- Ashleigh's Custom Cakes,"107 Autumnwood Cres, Sudbury, Sudbury, ON P3B 3Z1",(705) 507-1920,N/A
Havelock Foodland,"38 Ottawa W, Northern Ontario, ON K0L 1Z0",(705) 778-3881,N/A
Heart Of Muskoka Fries,"92 Muskoka Rd 10, Utterson, Muskoka, ON P0B 1M0",(705) 405-0202,N/A
Helliars Resort Ltd,"1311 Highway 71, Nestor Falls, Hudson, ON P0X 1K0",(807) 484-2400,http://www.helliars.com/
Herb Guy's Honey House,"3990 County Rd 36 Rr 3, Buckhorn, Northern Ontario, ON K0L 1J0",(705) 657-9971,https://www.facebook.com/HerbGuysHoneyHouse/
Hi-Way Variety,"883 Trunk Rd, Sault Ste Marie, Sault Ste. Marie, ON P6A 3T3",(705) 946-2846,https://www.hiwayvariety.com/
Highway 17 East Trading Post,"6999 Hwy17, Desbarats, Algoma, ON P0R 1E0",(705) 782-4359,N/A
Highway 69 Esso,"Rr 3, Parry Sound, On",N/A,N/A
Highway Variety Plus,"6 Algoma, Spanish, Manitoulin, ON P0P 2A0",(705) 844-2577,N/A
Hillcrest Grocery,"108 William St, Parry Sound, Parry Sound, ON P2A 1V7",(705) 746-2211,N/A
Hillside Resort Store,"38167 Hillside Beach Rd, Traverse Bay, Mb R0E 2A0",(204) 756-2120,https://www.hillsidebeacheatery.ca/
Hillside Shop & Save,"Hillside S, Elliot Lake, Elliot Lake, ON P5A 1N7",(705) 848-6575,N/A
Holland Centre Gas Bar,"Holland Ctr, Chatsworth, Northern Ontario, ON N0H 1R0",(519) 794-2038,https://hcgasbar.ca/
Home Hardware Building Centre,"275 Chemin Du Lac Po Box 99, Dubreuilville, Algoma, ON P0S 1B0",(705) 884-2941,https://homehardware.ca/
Hopkins Ray Service Station Ltd,"7925 Hwy 11, Iroquois Falls, Cochrane, ON P0N 1E0",(705) 232-6203,N/A
Hopper's Variety,"2160 Hwy 588, Thunder Bay, Nipigon, ON P0T 1W0",(807) 475-8804,N/A
Houle Rej Fuels Ltd,"4548 Notre Dame Ave, Hanmer, Hanmer, ON P3P 1X5",(705) 969-2995,N/A
How Convenient Variety & Souvenirs,"7 Nova Beaucage Rd, North Bay, North Bay, ON P1B 8G5",(705) 472-2226,N/A
Huntsville Car Wash,"Hwy-60, Huntsville, Huntsville, ON P1H 1C2",(705) 789-0745,http://www.facebook.com/313254822539929
Huntsville Fuels,"400 Ravenscliffe Rd, Huntsville, Huntsville, ON P1H 1L7",(705) 789-9669,N/A
Husky,"1401 Hwy 17 E, Kenora, Kenora, ON P9N 1M1",(807) 468-7740,N/A
Hutton's Valu-Mart,"105 Causley St, Blind River, Algoma, ON P0R 1B0",(705) 356-1311,https://www.valumart.ca/store-locator/details/0833
IGA,"14 Rue Notre-Dame E, Lorrainville, Qc J0Z 2R0",(819) 625-2115,https://www.iga.net/fr/recherche_de_magasin/magasin/8576
IGA,N/A,(819) 627-9948,https://www.iga.net/fr/recherche_de_magasin/magasin/8008
IGA,"240, Av Larivière, Rouyn-Noranda, Qc J9X 4G8",(819) 762-5783,https://www.iga.net/fr/recherche_de_magasin/magasin/8054
IGA Garden Market,"303 Government St, Dryden, Dryden, ON P8N 1G4",(807) 221-2400,N/A
Ifuel Network Inc,"80 Bowes St, Parry Sound, Parry Sound, ON P2A 2L7",(705) 746-2387,N/A
Inver Gas Station,"2093 Buckhorn Rd, Lakefield, Northern Ontario, ON K0L 2H0",(647) 409-7009,http://www.facebook.com/160633687882238
Ironbridge Shell And Food Store,"Hwy17, Iron Bridge, Algoma, ON P0R 1H0",(705) 843-0003,N/A
Iroquois Falls Esso,"232 Cambridge Ave, Cochrane District, ON P0K 1E0",(705) 258-3489,N/A
J & B Variety,"139 Glenmorris St, Cambridge, Northern Ontario, ON N1S 2Z4",(519) 623-6951,N/A
J & D Trading,"Deer Lake, Red Lake, ON P0V 1N0",(807) 775-1437,http://www.facebook.com/430793107397090
J D Junction,"26A School Rd, Emo, Rainy River, ON P0W 1E0",(807) 482-2975,N/A
Jai Laxmiji Ontario Inc,"50 Esten Dr S, Elliot Lake, Elliot Lake, ON P5A 3M9",(705) 461-8368,N/A
Jane's Variety,"301 Brock St E, Thunder Bay, Thunder Bay, ON P7E 4H6",(807) 622-9116,N/A
Janetville Convenience,"293 Pigeon Creek Rd, Janetville, Northern Ontario, ON L0B 1K0",(705) 324-5574,N/A
Jasvi Trucking Ltd,"Hwy17, Nipigon, On",(807) 887-1700,N/A
Jerry's Serv Stn,"2944 Municipalroad80, Val Caron, Val Caron, ON P3N 1E3",(705) 897-4441,N/A
Joe's No Frills 796 Limited,"519 Korah Rd, Sault Ste. Marie, Sault Ste. Marie, ON P6C 4J4",(705) 946-2098,N/A
John's Valu-Mart,"186 Mission Rd, Wawa, Algoma, ON P0S 1K0",(705) 856-2555,https://www.yourindependentgrocer.ca/store-locator/details/3726
Johnny's On The Rez,"154 Hwy 8, Merritt, Bc V1K 0A7",(905) 714-9533,N/A
Johnson's Esso,"2 Mercury, Atikokan, Nipigon, ON P0T 1C0",(807) 597-6775,N/A
Jolin's Corner Store,"390 Diberville Ave, Iroquois Falls, On",(705) 232-5995,N/A
Jones' Valu-mart Thessalon,"215 Main St, Box 264, Thessalon, Algoma, ON P0R 1L0",(705) 842-2132,https://www.valumart.ca/store-locator/details/2658
Just Basics Skafs,"A 470 Hodder Ave, Thunder Bay, Thunder Bay, ON P7A 7X5",(807) 683-3930,https://www.facebook.com/pages/Skafs-Just-Basics-The-Food-Store-Next-Door/197518906953710
K & A Variety Restaurant & Gas Bar,"10-684 City Rd, Thunder Bay, Thunder Bay, ON P7J 1K3",(807) 623-2977,N/A
Kakabeka Esso,"4795 Hwy 11-17, Kakabeka Falls, Nipigon, ON P0T 1W0",(807) 473-9172,http://www.thebeerstore.ca/
Kayleigh May's Kitchen - Independent Epicure Con sultant,"254 Tuscany Trail, Sudbury, Sudbury, ON P3E 0E8",(705) 207-0816,http://www.facebook.com/4048
Keewatin Place,"1007 Hwy 17 W, Keewatin, Hudson, ON P0X 1C0",(807) 547-2222,https://www.yellowpages.ca#
Kemp's Garage,"111 Burleigh, Apsley, Northern Ontario, ON K0L 1A0",(705) 656-4311,http://shell.ca/
Kenabeek General Store,"10-5 Con Henwood Twp, Kenabeek, Timiskaming, ON P0J 1M0",(705) 563-2772,http://www.thebeerstore.ca/
King's Minimart,"31 Main St, Bobcaygeon, Central Ontario, ON K0M 1A0",(705) 731-0678,N/A
Kingston Husky Car & Truck Stop,"Joyceville Rd & Hwy 401, Kingston, Northern Ontario, ON K0H 1Y0",(613) 546-5025,http://www.myhusky.ca/
Kingsway ESSO,"1003 Kingsway, Sudbury, Sudbury, ON P3B 2E6",(705) 525-1571,http://www.imperialoil.ca/
Kinmount Independent Grocery,"4072 County Road 121, Kinmount, Central Ontario, ON K0M 2A0",(705) 488-2211,N/A
Kirk's Convenience & Gas,"King St, On",N/A,N/A
Kirk's Gas & Convenience,"2440 Hwy 518 W, Sprucedale, Parry Sound District, ON P0A 1Y0",(705) 685-7851,N/A
Kitchen Kuttings Cafe Inc.,"40 Arthur St S, Elmira, Northern Ontario, ON N3B 2M7",(519) 904-6385,http://www.kitchenkuttings.com/
Knyaw Lucky Store,"1715 Victoria Ave E, Thunder Bay, Thunder Bay, ON P7C 1C8",(807) 622-7282,http://www.thunderbaygrocerystore.ca/
Koostachin & Sons,N/A,(705) 997-1279,N/A
Krakana's Pump Service,"4388 Harold Ave Highway 101 E, South Porcupine, Cochrane, ON P0N 1H0",N/A,N/A
Krazy Ernie's Food Mart,"256 Mcnabb St, Sault Ste Marie, Sault Ste. Marie, ON P6B 1Y6",(705) 254-6191,https://www.facebook.com/pages/Krazy-Ernies-Food-Mart/148310878534534
Kwik Way,"33 Notre Dame Av, Azilda, Sudbury District, ON P0M 1B0",(705) 983-9000,N/A
Kwik Way,"1 Centre Rd, Mckellar, Parry Sound, ON P0G 1C0",(807) 622-2543,http://www.softmoc.com/
Kwik Way Hanmer,"7 Cote Blvd, Hanmer, Hanmer, ON P3P 1X5",(705) 969-7577,N/A
Kwik-Way,"Causley, Blind River, Algoma, ON P0R 1B0",(705) 356-7762,N/A
Kwik-Way Copper Cliff,"13 Serpentine, Copper Cliff, Sudbury District, ON P0M 1N0",(705) 682-2300,N/A
Kwik-Way Lasalle,"594 Lasalle Blvd, Sudbury, Sudbury, ON P3A 1W9",(705) 566-0558,N/A
L'Escale Montbeillard,"9762 Boul Rideau, Rouyn-Noranda, Qc J0Z 2X0",(819) 797-4000,https://www.facebook.com/profile.php?id=100068591597222
La Biotique,"35 Rue Notre-Dame O, Lorrainville, Qc J0Z 2R0",(819) 625-2220,N/A
La Faluche de Notre-Dame,"38 Rue Notre-Dame-De-Lourdes, Ville-Marie, Qc J9V 1X9",(819) 622-0522,N/A
Lacasse W Garage Inc,"3 Mtee Létang, Temiscaming, Qc J0Z 3R0",(819) 627-3697,N/A
Lake Helen Gas & Variety,"Nipigon, Nipigon, ON P0T 2J0",(807) 887-2084,N/A
Lake Trail Convenience,"36003 Pth 15 Rd 60N, Anola, Mb R0E 0A0",(905) 789-5911,http://www.hastymarketcorp.com/
Lake-Vu Motel Restaurant & Convenience Centre,"740 Lakeview Dr, Kenora, Kenora, ON P9N 3P7",(807) 468-4007,N/A
Lakeland Sales & Service,"27 Algonquin Ave N, Thunder Bay, Thunder Bay, ON P7A 6E2",(807) 767-1881,http://lakelandfordpa.com/
Lakeview Grocery And Spyke Gas Bar,"3790 Troutlakerd, North Bay, On",(705) 497-8780,N/A
Lar's Place,"233 Beamish St Rr 1, Macdiarmid, Nipigon, ON P0T 2B0",(807) 885-3216,N/A
Larabie's Your Independent Grocer Kapuskasing,"55 Brunetville Rd, Kapuskasing, Kapuskasing, ON P5N 2E8",(705) 337-4909,https://www.yourindependentgrocer.ca/store-locator/details/0812
Larder Lake Co-Op,"25 Godfrey St, Larder Lake, On",(705) 643-2327,http://www.thebeerstore.ca/
Larochelle Station de Service Inc,"1506, Rte 101, Fabre, Qc J0Z 1Z0",(819) 634-3211,N/A
Leggett Propane & Natural Gas,"303 Ontario St, Burks Falls, Parry Sound District, ON P0A 1C0",(705) 382-0122,N/A
Leonia Convenience Store Inc.,N/A,(613) 805-6306,https://www.instagram.com/leonia_2024/
Leppanen's Store & Service,"3130 Dawson Rd, Thunder Bay, Thunder Bay, ON P7G 2J8",(807) 767-6808,N/A
Levack Mini Mart,"37 Levack Dr Gd, Levack, Sudbury District, ON P0M 2C0",(705) 966-2460,http://ontarionorthland.ca/
Lobster Girl,"2676 Muskoka Road 117, Lake Of Bays, Muskoka, ON P0B 1A0",(705) 788-7788,N/A
London Grocery,"320 Balsam St, Thunder Bay, Thunder Bay, ON P7A 5N8",(807) 345-0158,N/A
Lone Pine Market,"1100 O'Brien, Atikokan, Nipigon, ON P0T 1C0",(807) 597-9900,N/A
Long Lake 58 General Store,"10090 Hwy 11, Longlac, Nipigon, ON P0T 2A0",(807) 876-4412,N/A
Longlac Auto Centre,"136 Queen St, Longlac, Nipigon, ON P0T 2A0",(807) 876-2303,http://longlacchamber.com/
Longlac Freshmart,"103 Hamel Av, Longlac, Nipigon, ON P0T 2A0",(807) 876-4622,http://www.valumart.ca/
Loone's Variety & Gas Bar,"67 First Nation Rd, Fort Albany, Hearst/Cochrane, ON P0L 1H0",(705) 278-1169,N/A
Loring General Store,"11918 Hwy 522, Port Loring, Nipissing, ON P0H 1S0",N/A,N/A
Luby's 24 Hour Food Store,"612 Ninth St N, Kenora, Kenora, ON P9N 2S9",(807) 468-3044,N/A
Lucky 13,"2-555 Mckeown Ave, North Bay, North Bay, ON P1B 9E4",(705) 476-8813,N/A
Lynhurst Variety,"10090 Wellington Rd, St Thomas, Northern Ontario, ON N5P 2K8",(519) 633-0002,N/A
M & M Food Market Paris Street,"1500 Paris, Sudbury, Sudbury, ON P3E 3B8",(705) 522-0466,https://www.mmfoodmarket.com/en/home
M & M Foods,"843 Red River Rd, Thunder Bay, Thunder Bay, ON P7B 1K3",(807) 473-8129,https://www.mmfoodmarket.com/en/home
M & M Gas & Convenience,"27523 On-62, Bancroft, Northern Ontario, ON K0L 1C0",(613) 332-5474,N/A
M D K Gas Bar,"14498 Alma Ir, Matachewan, On",(705) 565-2320,N/A
M g And Sons General Store,"76 Howie St, Charlton, Timiskaming, ON P0J 1B0",(705) 544-2333,N/A
M&M Food Market,"439 Government Street, Dryden, Dryden, ON P8N 2P4",(807) 221-6667,https://www.mmfoodmarket.com/en/home
M&M Food Market,"130 Second Street East, Fort Frances, Fort Frances, ON P9A 1M5",(807) 274-4040,https://www.mmfoodmarket.com/en/home
M&M Food Market,"1 King William Street, Huntsville, Huntsville, ON P1H 1G7",(705) 789-4502,https://www.mmfoodmarket.com/en/home
M&M Food Market,"110 Government Road, Kapuskasing, Kapuskasing, ON P5N 2W8",(705) 335-6710,https://www.mmfoodmarket.com/en/home
M&M Food Market,"610 Lakeview Drive, Kenora, Kenora, ON P9N 3V2",(807) 468-1530,https://www.mmfoodmarket.com/en/home
M&M Food Market,"140 Queen Street, Lakefield, Northern Ontario, ON K0L 2H0",(705) 652-3221,https://www.mmfoodmarket.com/en/home
M&M Food Market,"180 Shirreff Ave., North Bay, North Bay, ON P1B 9N8",(705) 497-7920,https://www.mmfoodmarket.com/en/home
M&M Food Market,"4 Pine Drive, Parry Sound, Parry Sound, ON P2A 3B8",(705) 746-1200,https://www.mmfoodmarket.com/en/home
M&M Food Market,"153 Great Northern Rd., Sault Ste. Marie, Sault Ste. Marie, ON P6B 4Y9",(705) 256-7334,https://www.mmfoodmarket.com/en/home
M&M Food Market,"215 Main St, South Porcupine, Cochrane, ON P0N 1H0",(705) 267-2066,https://www.mmfoodmarket.com/en/home
M&M Food Market,"1485 Lasalle Blvd, Sudbury, Sudbury, ON P3A 5H7",(705) 560-2661,https://www.mmfoodmarket.com/en/home
M&M Meat Shop,"3030 Municipal Road 80, Val Caron, Val Caron, ON P3N 1R8",(705) 897-1700,https://www.mmfoodmarket.com/en/home
MJ Coffee & More,"374880 11B Hy, Coleman Twp, Timiskaming, ON P0J 1K0",(705) 630-3007,N/A
MacDonald's Groceries,"Hwy 17, Iron Bridge, Algoma, ON P0R 1H0",(705) 843-2163,N/A
MacEwen Petroleum,"310 Mcconnell Street, Mattawa, Nipissing, ON P0H 1V0",(705) 744-5332,N/A
MacEwen Petroleum,"1899 Algonquin Ave, North Bay, North Bay, ON P1B 4Y8",(705) 474-8877,http://macewen.ca/
MacKenzie Oil Limited,"1486 Plank Road, Sarnia, Northern Ontario, ON N7T 7H3",(519) 336-0521,http://www.mackenzieoil.com/
Madawaska Country Store,"25203-60 Hy, Whitney, Northern Ontario, ON K0J 2M0",(613) 637-1149,http://www.facebook.com/1879591692336905
Madison Confectionery,"2176 Madison Ave, Sudbury, Sudbury, ON P3A 2R2",(705) 566-8807,N/A
Magasin Devlin 2009,"702 Ch Du Village, Laforce, Qc J0Z 2J0",(819) 722-2522,N/A
Magasin Hein Enr,"74-2 Rue, Belleterre, Qc J0Z 1L0",(819) 722-2205,http://www.magasinhein.com/
Magnetawan Grill & Grocery,"4244 520Hwy, Magnetawan, Parry Sound District, ON P0A 1P0",(705) 387-0001,N/A
Mandy & Raj's Valu-mart Iroquois Falls,"320 Main St, Iroquois Falls, Cochrane District, ON P0K 1G0",(705) 232-5153,https://www.valumart.ca/store-locator/details/7500
Manitoulin Trading Post,"11105 Hwy 6, Little Current, Manitoulin, ON P0P 1W0",(705) 368-3166,N/A
Manitowaning Freshmart,"146 Arthur, Manitowaning, Manitoulin, ON P0P 1N0",(705) 859-3132,http://www.thebeerstore.ca/
Maple Ridge Store,"Thessalon, Algoma, ON P0R 1L0",(705) 842-2739,N/A
Marc & Cora Convenience Store,"2361 Bancroft Dr, Sudbury, Sudbury, ON P3B 1T7",(705) 586-2011,N/A
Marche Azilda Market,"9 Notre Dame E, Azilda, Sudbury District, ON P0M 1B0",(705) 983-4312,N/A
Marche Phillips,"278 1Re Av Gd, Belleterre, Qc J0Z 1L0",(819) 722-2106,N/A
Marché Bonichoix,"12 Rue Principale, Laverlochère, Qc J0Z 2P0",(819) 765-3561,https://www.bonichoix.com/trouver
Marché Bonichoix,"63A Rue Principale, Dupuy, Qc J0Z 1X0",(819) 783-2407,https://www.bonichoix.com/trouver
Marché Gendron Inc.,"85 Rue Perreault Ouest, Rouyn-Noranda, Qc J9X 2T5",(819) 762-3597,http://www.ontracinc.com/
Marché Méli-Mélo DC,"1 Principale O, Latulipe, Qc J0Z 2N0",(819) 747-2152,N/A
Marg's Northern Convenience Store,"210 O'Brien, Atikokan, Nipigon, ON P0T 1C0",(807) 597-5142,N/A
Mario's Food Centre,"381 Mcarthur Ave, Vanier, Northern Ontario, ON K1L 6N5",(613) 701-0913,http://www.mariosfoodcentre.com/
Marshall's Arcade & Convenience Store,"41 Lindsay, Fenelon Falls, Central Ontario, ON K0M 1N0",(705) 887-3030,N/A
Martins Country Market,"1750 Hwy 17, Massey, Manitoulin, ON P0P 1P0",(705) 865-2657,http://www.facebook.com/210049432949153
Mattagami Convenience Store,"Mattagami Indian Reserve, Gogama, Sudbury District, ON P0M 1W0",(705) 894-2368,N/A
Mattawa Freshmart,"1016 John, Mattawa, Nipissing, ON P0H 1V0",(705) 744-2498,http://www.zehrs.ca/
Mattawa Petro Canada,"290 Mcconnell, Mattawa, Nipissing, ON P0H 1V0",(705) 744-2866,http://purolator.com/
Max Multi Mart,"610 Lakeshore Dr Front, North Bay, North Bay, ON P1A 2E6",(705) 495-1813,N/A
Maxi Rouyn-Noranda Evain,"2695 Boul. Rideau, Rouyn-Noranda, Qc J0Z 1Y0",(819) 768-3018,https://www.provigo.ca/store-locator/details/7210
Maxim Jug City,"120 Maple, Minden, Central Ontario, ON K0M 1S0",(705) 457-3735,N/A
Maxine's Gas Bar,"120 Centre St, Espanola, Espanola, ON P5E 1S4",(705) 869-6825,N/A
Mayer Esso Service Ltd,"62 St David N, Noelville, Sudbury District, ON P0M 2N0",(705) 898-3254,http://www.essostations.com/home.php?storenum=da69515fd5a53b94ce79b9925f36b339
Melanie's Your Independent Grocer,"3 Huron Walk, Unit #1, Manitouwadge, Nipigon, ON P0T 2C0",(807) 826-3323,https://www.yourindependentgrocer.ca/store-locator/details/2140
Messier's Your Independent Grocer,"1836 Régent St, Sudbury, Sudbury, ON P3E 3Z8",(705) 522-7111,https://www.yourindependentgrocer.ca/store-locator/details/7520
Metallo's Mini Mart,"147 Northern Ave E, Sault Ste Marie, Sault Ste. Marie, ON P6B 4H8",(705) 949-6947,N/A
Metro Arthur W. & Hwy 61,"1101 Arthur St W, Thunder Bay, Thunder Bay, ON P7E 5S2",(807) 577-3910,http://www.metro.ca/find-a-store/index.en.html
Metro Arthur W. & James,"505 Arthur St W, Thunder Bay, Thunder Bay, ON P7E 5S4",(807) 475-0276,http://www.metro.ca/find-a-store/index.en.html
Metro Barry's Bay,"28 Bay St, Barry'S Bay, Northern Ontario, ON K0J 1B0",(613) 756-7097,http://www.metro.ca/find-a-store/index.en.html
Metro Churchill Plaza,"150 Churchill Blvd, Sault Ste. Marie, Sault Ste. Marie, ON P6A 3Z9",(705) 254-3923,http://www.metro.ca/find-a-store/index.en.html
Metro Grandview Mall,"640 River St, Thunder Bay, Thunder Bay, ON P7A 3S4",(807) 345-8342,http://www.metro.ca/find-a-store/index.en.html
Metro Huntsville,"70 King William St, Huntsville, Huntsville, ON P1H 2A4",(705) 789-9619,https://metro.ca/
Metro Lasalle Court Mall,"900, Blvd Lasalle, Sudbury, Sudbury, ON P3A 5W8",(705) 560-9500,http://www.metro.ca/find-a-store/index.en.html
Metro Market Mall,"275 Second Line W, Sault Ste. Marie, Sault Ste. Marie, ON P6C 2J4",(705) 949-0350,https://metro.ca/
Metro North Bay,"390 Lakeshore Dr, North Bay, North Bay, ON P1A 2C7",(705) 840-2424,https://www.metro.ca/find-a-store/details.en.html?id=304
Metro Ontario Inc,"1875 Regent St, Sudbury, Sudbury, ON P3E 3Z7",(705) 522-6395,N/A
Metro Richelieu Inc,"4 15E Rue, Rouyn-Noranda, Qc J9X 2J8",(819) 762-2656,N/A
Metro Sturgeon Falls,"203 Front St, Sturgeon Falls, Sturgeon Falls, ON P2B 2J4",N/A,N/A
Metro Timmins,"140 Algonquin Blvd W, Timmins, Timmins, ON P4N 1A9",(705) 268-5481,https://www.metro.ca/en/find-a-grocery/253
Metro Val Est,"28-3140 Hwy 69 N, Val Caron, Val Caron, ON P3N 1G3",(705) 897-4958,https://metro.ca/
Mewusch Motors Ltd,"Sw 32-10-12E, Elma, Mb R0E 0Z0",(204) 348-2496,N/A
Midway Foods (1999) Ltd,"B-59 Main St, Powerview, Mb R0E 1P0",(905) 932-4007,http://dellaterra.ca/
Midway Foods Ltd,"59B Main St, Powerview, Mb R0E 1P0",(905) 682-9211,http://thepizzacompany.ca/
Mighty Mart,"2-480 Muskoka Rd S, Gravenhurst, Gravenhurst, ON P1P 1J8",(705) 687-8119,N/A
Mike's Car Wash And Variety Inc,"11 Mill E, Tilbury, Northern Ontario, ON N0P 2L0",(519) 682-1633,N/A
Mike's Gas Bar Car & Van Wash,"51 Notre Dame St W, Azilda, Sudbury District, ON P0M 1B0",(705) 983-0602,N/A
Mike's Mart,"3 Couchie Industrial Rd, North Bay, North Bay, ON P1B 8G5",(705) 472-7278,N/A
Mike's Mart,"Church St & Isabella St, Parry Sound, On",(705) 746-9133,N/A
Mike's Mart,"509 Edward St N, Thunder Bay, Thunder Bay, ON P7C 4R1",(807) 577-6170,N/A
Mike's Variety & ESSO,"220 Hwy 11 N, Smooth Rock Falls, Hearst/Cochrane, ON P0L 2B0",(705) 264-8113,http://www.imperialoil.ca/
Minaki Marina,"Minaki Gd, Minaki, Hudson, ON P0X 1J0",(807) 224-2581,http://www.minakimarina.ca/
Mitchel's Midtown Grocery,"248 Howey St, Red Lake, Red Lake, ON P0V 2M0",(807) 727-2643,N/A
Mobil,"2976 Falconbridge Hwy, Garson, Garson, ON P3L 1J6",N/A,N/A
Mobil,"5121 County Road #21, Haliburton, Central Ontario, ON K0M 1S0",N/A,N/A
Mobil,"131 Howland Road, Huntsville, Huntsville, ON P1H 2P7",N/A,N/A
Moe & Jo's Lighthouse Variety,"41 Simcoe Plaza, Terrace Bay, Nipigon, ON P0T 2W0",(807) 825-1313,https://www.facebook.com/mjlighthousevariety/
Mr D's Convenience Store,"309 Church St Gd, Bonfield, Nipissing, ON P0H 1E0",(705) 776-7070,N/A
Mr Gas,"58 Armstrong St, New Liskeard, On",(705) 647-9544,http://www.mrgasltd.ca/
Mr Gas,"890 Hwy 17 E, North Bay, North Bay, ON P1B 8G4",(705) 472-6222,http://www.mrgasltd.ca/
Mr Gas,"2002 Bancroft Dr, Sudbury, Sudbury, ON P3B 1S9",(705) 560-1540,http://www.mrgasltd.ca/
Mr Gas,"102 17 Hwy E, Wahnapitae, Sudbury District, ON P0M 3C0",(705) 694-3061,http://www.mrgasltd.ca/
Mr Gas Ltd,"3140 Highway 69 N, Val Caron, Val Caron, ON P3N 1G3",(705) 897-2350,N/A
Mr Gas No 57,"92 Front, Sturgeon Falls, Sturgeon Falls, ON P2B 2H2",(705) 753-2439,http://www.mrgasltd.ca/
Mr. Lube + Tires,"1813 Regent St, Sudbury, Sudbury, ON P3E 3Z7",(705) 523-4145,https://www.mrlube.com/locations/96
Mrs McGarrigle's Fine Food Shop,"311 St Lawrence, Merrickville, Northern Ontario, ON K0G 1N0",N/A,http://www.mustard.ca/
Mum's Mini Mart,"1972 Sturgeon Rd Rr 1, Dunsford, Central Ontario, ON K0M 1L0",(705) 793-1059,N/A
Murillo Variety,"Rr 1 Oliver Rd, Murillo, Nipigon, ON P0T 2G0",(807) 935-2443,N/A
Muskrat Dam Ochikan Atawagamik,"Muskrat Dam, Red Lake, ON P0V 3B0",(807) 471-2544,N/A
My Freshmart,"97 River St, Sunderland, Northern Ontario, ON L0C 1G0",(705) 357-3965,http://www.thebeerstore.ca/
Myles' Corner Store,"203 Park Avenue, Lac Du Bonnet, Mb R0E 1A0",(204) 345-8233,N/A
Myna Variety Store & Grocery,"231 Devonshire, Iroquois Falls, Cochrane District, ON P0K 1E0",(705) 258-3854,N/A
NAPA AUTOPRO - Allen's Auto Repair,"185 Railway Street,, Nipigon, Nipigon, ON P0T 2J0",(807) 887-2440,N/A
NAPA AUTOPRO - Rosie's Value Automotive,"1399 Railway Street, Kenora, Kenora, ON P9N 0B3",(807) 468-5513,N/A
NFN Community Store,"39 Baily Bridge, Devlin, Rainy River, ON P0W 1C0",(807) 486-0167,N/A
Nakina Service Centre,"119 584 Hwy N, Nakina, Nipigon, ON P0T 2H0",(807) 329-5969,N/A
Narvi's Truck & Auto Service,"453 Hwy 11-17, Nipigon, Nipigon, ON P0T 2J0",(807) 887-2517,http://www.narvistruckandautoservice.com/
Necessities,"10 Couchie Industrial Road, North Bay, North Bay, ON P1B 8G5",(705) 478-8341,N/A
Neil's Your Independent Grocer,"5200 Regional Rd 80, Hanmer, Hanmer, ON P3P 1Z3",(705) 969-4474,https://www.yourindependentgrocer.ca/store-locator/details/7369
New Liskeard Esso,"883340 65 Hy, Dymond, Timiskaming, ON P0J 1P0",(705) 647-7616,N/A
New North Fuels Inc,"1000 Barrydowne Rd, Sudbury, Sudbury, ON P3A 3V3",(705) 566-0010,https://www.petro-canada.ca/en/personal/gas-station-locations
New North Fuels Inc,"364 Moneta Ave, Timmins, Timmins, ON P4N 7C5",(705) 264-3431,https://www.petro-canada.ca/en/business/petro-pass-near-me/364-moneta-ave-timmins
Norland Convenience,"3465 Monck Rd, Norland, Central Ontario, ON K0M 1K0",(705) 454-1111,N/A
Norlund Oil (2003) Limited-Petro-Canada Distributor,"6115, 11/71 Hwy, Emo, Rainy River, ON P0W 1E0",(807) 482-2680,http://www.facebook.com/petrocanada
Norm's Gas Bar,"14 Rogers Rd, Constance Lake, Hearst/Cochrane, ON P0L 1B0",(613) 839-1804,http://macewen.ca/
North 44 Country Store,"421 Eldon Rd, Little Britain, Central Ontario, ON K0M 2C0",(705) 786-1444,N/A
North Central Co-Op,"204 A Elgin, White River, Sudbury District, ON P0M 3G0",(807) 822-2389,http://www.ontario.coop/
North Division Ontario Inc,"13 Hwy 94, Corbeil, Nipissing, ON P0H 1H0",(705) 752-1194,http://www.facebook.com/pages/Northern-Adventures/462061750528762
North Groceries,"685 River Park Rd, Timmins, Timmins, ON P4P 1B3",(705) 531-3411,N/A
North Shore Convenience,"31 Couchie Memorial Dr, North Bay, North Bay, ON P1B 8G5",(705) 494-8215,N/A
Northern Ontario Electricity & Gas,"61 High St S Gd, Callander, Nipissing, ON P0H 1H0",(705) 752-5000,N/A
Northern Store,"Bearskin Lake, Red Lake, ON P0V 1E0",(807) 469-5241,http://www.northernstores.ca/
Northern Store,"Cat Lake, Red Lake, ON P0V 1J0",(807) 469-1525,N/A
Northern Store,"Po Box 151, Fort Albany, Hearst/Cochrane, ON P0L 1H0",(705) 278-3320,N/A
Northern Store,"Po Box 118, Webequie, Nipigon, ON P0T 3A0",(807) 479-2554,http://www.northernstores.ca/
Northern Variety,"5 Riverside Dr, Algoma, ON P0R 1B0",(705) 576-3003,N/A
Npj,"1355 Falconbridge Rd, Sudbury, Sudbury, ON P3A 4N6",(705) 566-8822,N/A
O'Sullivan Lake Gas Bar,"Aroland, Nakina, Nipigon, ON P0T 2H0",(807) 329-5959,N/A
Oakwood Corner Store,"973 Eldon, Oakwood, Central Ontario, ON K0M 2M0",(705) 953-9323,N/A
Oliv Rouyn Inc,"157, Av Principale, Rouyn-Noranda, Qc J9X 4P6",(819) 762-6548,N/A
Olivier's Freshmart,"44 Third Ave, Hornepayne, Sudbury District, ON P0M 1Z0",(807) 868-2705,http://www.valumart.ca/en_CA.html
On The Run - Convenience Store,"1232 Lasalle Blvd, Greater Sudbury, Sudbury, ON P3A 1Y7",(705) 566-0901,https://www.ontherunstores.com/locations/42384
On the Run,"132 Hastings St N, Bancroft, Northern Ontario, ON K0L 1C0",(613) 966-7017,https://www.ontherunstores.com/
On the Run,"2934 Hwy 35 S, Lindsay, Northern Ontario, ON K9V 4R4",(705) 324-9888,https://www.ontherunstores.com/
On the Run,"504-690 River Park Rd, Timmins, Timmins, ON P4P 1B4",(705) 567-4040,N/A
Onaping Quick Mart,"Onaping Plaza, Levack, Sudbury District, ON P0M 2R0",(705) 966-2066,N/A
One Stop Convenience,"Hwy 60, Algonquin Park, On",(705) 633-5728,http://onestop.co.uk/
Ontario Northland,"32 Main St, Latchford, Timiskaming, ON P0J 1N0",(705) 676-2313,http://ontarionorthland.ca/
Ontario Northland,"517 Greer Rd, Port Sydney, Muskoka, ON P0B 1L0",(705) 385-2322,http://ontarionorthland.ca/
Oshell's Valu-Mart,"519 Main St, Powassan, Nipissing, ON P0H 1Z0",(705) 724-2686,https://www.valumart.ca/store-locator/details/2631
Oshgamoog Store,"3 Weequod S, Buckhorn, Northern Ontario, ON K0L 1J0",(705) 657-7608,N/A
Our Daily Bread,"6722 Hwy-11, Temagami, Nipissing, ON P0H 2H0",(705) 569-3600,N/A
OutCast Fishing & Convenience,"18 John St, Huntsville, Huntsville, ON P1H 1H2",(705) 784-9920,https://www.facebook.com/outcastbait/
Oxdrift Country Store,"18808 17 Hwy, Oxdrift, Red Lake, ON P0V 2J0",(807) 937-4052,N/A
PR Gas,"1 Kinew Dr, Eagle River, Red Lake, ON P0V 3H0",(807) 755-1525,N/A
Paesano Foods,"305 Wellington St W, Sault Ste Marie, Sault Ste. Marie, ON P6A 1H8",(705) 998-1657,http://www.paesanofoods.ca/
Papertown Petro,"731 Centre St, Espanola, Espanola, ON P5E 1T3",(705) 869-0643,N/A
Paquette's Confectionery,"383 Korah Rd, Sault Ste. Marie, Sault Ste. Marie, ON P6C 4H4",(705) 450-5923,N/A
Parker's Your Independent Grocer,"1 Laurentian Ave, North Bay, North Bay, ON P1B 9P2",(705) 472-8866,https://www.yourindependentgrocer.ca/store-locator/details/2639
Patricia Auto Sales & Service Ltd,N/A,(807) 928-2589,N/A
Pelletier's Gas Bar,"177 New E, Nipigon, Nipigon, ON P0T 1J0",(807) 887-2952,N/A
Perlita's Gas Bar,"Tarzwell, Swastika, On",(705) 642-3972,N/A
Perrault Gas Bar,"406 Hwy 17 E, Garden River, Sault Ste. Marie, ON P6A 6Z1",(705) 759-2544,N/A
Perry Mart,"Emsdale, Parry Sound District, ON P0A 1J0",(705) 636-5511,N/A
Pete'S Auto Service & Sales Inc,"108 Wardrope Ave, Thunder Bay, Thunder Bay, ON P7G 2C4",(807) 767-8671,http://www.facebook.com/napaautoprocanada
Petro Canada Products,"4 Sault Rd, Manitouwadge, Nipigon, ON P0T 2C0",(807) 826-3550,N/A
Petro-Canada,"5 Hill Top Rd, Burks Falls, Parry Sound District, ON P0A 1C0",(705) 382-0359,https://www.petro-canada.ca/en/personal/gas-station-locations/5-hill-top-road-burks-falls
Petro-Canada,"1-3390 Hwy 144, Chelmsford, Sudbury District, ON P0M 1L0",(705) 855-2222,https://www.petro-canada.ca/en/personal/gas-station-locations/13390-highway--144-chelmsford
Petro-Canada,"6822 Hwy 17 E, Coniston, Sudbury District, ON P0M 1M0",(705) 694-4486,https://www.petro-canada.ca/en/personal/gas-station-locations/6822-hwy-17-east-coniston
Petro-Canada,"1-5085 Hwy 69 N, Hanmer, Hanmer, ON P3P 1P7",(705) 969-7044,https://www.petro-canada.ca/en/personal/gas-station-locations/5085-highway-69-north-unit-1-hanmer
Petro-Canada,"Hwy 17 W, Ignace, Nipigon, ON P0T 1T0",(807) 934-2267,http://www.tardiff.ca/
Petro-Canada,"924 Fifth St S, Kenora, Kenora, ON P9N 1L8",(807) 548-1634,http://www.tardiff.ca/
Petro-Canada,"1119 Algonquin Ave, North Bay, North Bay, ON P1B 4Y1",(705) 476-2849,https://petro-canada.ca/
Petro-Canada,"6692 Hwy 11 N, Temagami, Nipissing, ON P0H 2H0",(705) 569-3310,https://www.petro-canada.ca/en/personal/gas-station-locations/6692-hwy-11-n-temagami
Petro-Canada,"1063 Dawson Rd, Thunder Bay, Thunder Bay, ON P7B 1K7",(807) 473-8252,https://www.petro-canada.ca/en/personal/gas-station-locations/147-arthur-street-west-thunder-bay
Petro-Canada,"31 Algonquin Blvd W, Timmins, Timmins, ON P4N 2R2",(705) 268-1136,https://www.petro-canada.ca/en/personal/gas-station-locations/31-algonquin-boulevard-timmins
Petro-Canada,"500 Hwy 502, Lac Du Bonnet, Mb R0E 1A0",(204) 345-8606,https://www.petro-canada.ca/en/personal/gas-station-locations/500-highway-502-lac-du-bonnet
Petro-Canada,"717 Rue Principale, Rollet, Qc J0Z 3J0",(416) 248-8598,https://www.petro-canada.ca/en/personal/gas-station-locations/1571-lawrence-avenue-west-north-york
Petro-Canada,"6796, Boul Témiscamingue, Rouyn-Noranda, Qc J9Y 1N1",(819) 797-2881,https://www.petro-canada.ca/en/personal/gas-station-locations/180-gamble-ouest-rouynnoranda
Petro-Canada,"498 Hwy 17, Nipigon, Nipigon, ON P0T 2J0",N/A,https://www.petro-canada.ca/en/personal/gas-station-locations/498-highway-17-nipigon
Petro-Canada,"411 Great Northern Rd, Sault Ste Marie, Sault Ste. Marie, ON P6B 5A1",N/A,https://www.petro-canada.ca/en/personal/gas-station-locations/713-trunk-road-sault-ste-marie
Petro-Canada,"140 Black Rd, Sault Ste Marie, Sault Ste. Marie, ON P6A 6J8",N/A,https://www.petro-canada.ca/en/personal/gas-station-locations/713-trunk-road-sault-ste-marie
Petro-Canada,"Front E, Sioux Lookout, On",N/A,https://find.shell.com/ca/fuel/13128623-highway-17-ignace
Petro-Canada,"137 Mission Rd, Wawa, Algoma, ON P0S 1K0",N/A,https://www.petro-canada.ca/en/personal/gas-station-locations/137-mission-road-wawa
Petro-Canada,"16, Rue Des Oblats N, Ville-Marie, Qc J9V 1J3",N/A,https://www.petro-canada.ca/en/personal/gas-station-locations/713-trunk-road-sault-ste-marie
Petro-Canada Gas Station & Petro-Pass Truck Stop,"54 Hwy 11 W, Cochrane, Hearst/Cochrane, ON P0L 1C0",(705) 272-2737,https://www.petro-canada.ca/en/personal/gas-station-locations/54-hwy-11-west-cochrane
Petro-Canada Gas Station & Petro-Pass Truck Stop,"311 Main St, Ignace, Nipigon, ON P0T 1W0",N/A,https://find.shell.com/ca/fuel/13128623-highway-17-ignace
Petro-Pass Truck Stop,"997480 Hwy 11 N, New Liskeard, Nipigon, ON P0T 1P0",(819) 764-5830,https://www.petro-canada.ca/en/personal/gas-station-locations/630-boul-rideau-rouynnoranda
Petro-Pass Truck Stop,"84 Hammell Rd, Red Lake, Red Lake, ON P0V 2M0",(807) 727-2406,https://www.petro-canada.ca/en/business/petro-pass-near-me/84-hammell-road-red-lake
Petro-Pass Truck Stop,"937 Great Northern Rd, Sault Ste-Marie, Sault Ste. Marie, ON P6B 0B9",(705) 450-1331,https://www.petro-canada.ca/en/business/petro-pass-near-me/937-great-northern-road-sault-stemarie
Petro-Pass Truck Stop,"3070 Regent St, Sudbury, Sudbury, ON P3E 5H7",(705) 522-8701,https://www.petro-canada.ca/en/business/petro-pass-near-me/3070-regent-street-sudbury
Petro-Pass Truck Stop,"720 Hewitson St, Thunder Bay, Thunder Bay, ON P7B 5Z1",(807) 623-3996,https://www.petro-canada.ca/en/business/petro-pass-near-me/720-hewitson-st-thunder-bay
Petrol Station Service Inc,"10845, Rte D'Aiguebelle D', Rouyn-Noranda, Qc J0Z 2Y0",(819) 637-7874,N/A
Pettenuzzo's Your Independent Grocer,"15 Mcchesney Ave, Kirkland Lake, Kirkland Lake, ON P2N 3R9",(705) 567-4939,https://www.yourindependentgrocer.ca/store-locator/details/0497
Pick of the Crop,"70 Algonquin Blvd W, Timmins, Timmins, ON P4N 2R3",(705) 268-3635,N/A
Pimii Kamik Gas Bar,"566 Fox Lake, Chapleau, Sudbury District, ON P0M 1K0",(705) 864-0880,N/A
Pinewood Park ESSO,"260 Pinewood Park Dr, North Bay, North Bay, ON P1B 8Z4",(705) 476-3769,http://www.imperialoil.ca/
Pino's Get Fresh Foods,"219 Trunk Rd, Sault Ste Marie, Sault Ste. Marie, ON P6A 3S5",(705) 946-5632,http://pinosgetfresh.com/
Pioneer - Gas Station,"3775 On-144, Chelmsford, Sudbury District, ON P0M 1L0",(705) 855-1326,https://journie.ca/pioneer/on-en/locations?locationId=42362
Pioneer Energy,"1050 Kingsway, Sudbury, Sudbury, ON P3B 2E5",(705) 525-4405,https://www.pioneer.ca/
Pioneer Energy,"1455 Riverside Dr, Timmins, Timmins, ON P4R 1M8",(705) 268-5737,https://www.pioneer.ca/
Pit Stop Earfalls,"1317 105 Hwy, Ear Falls, Red Lake, ON P0V 1T0",(807) 222-3273,http://www.imperialoil.ca/canada-english/default.aspx
Pit Stop Gas Bar & Confec,"3245 17B Hwy, Echo Bay, Algoma, ON P0S 1C0",(705) 248-3333,http://www.thebeerstore.ca/
Place Du Vieux Fort,"263 Rte 101 S, Duhamel, Qc",(819) 622-2761,N/A
Poirier's Confectionery & Pizza,"355 Imperial S, Massey, Manitoulin, ON P0P 1P0",(705) 865-2740,http://www.thebeerstore.ca/
Polar Bear Shell,"26 3Rd Ave, Cochrane, Hearst/Cochrane, ON P0L 1C0",(705) 272-3556,http://www.savebiogems.org/
Port Sydney Freshmart,"29 South Mary Lake Rd Rr 1, Port Sydney, Muskoka, ON P0B 1L0",(705) 385-0046,http://www.thebeerstore.ca/
Pro Auto Mechanix Ltd,"875 Hilldale Rd, Thunder Bay, Thunder Bay, ON P7G 1Z9",(807) 344-6181,N/A
Pro's Mini Mart,"39 Huron Rd Gd, Cochrane, Hearst/Cochrane, ON P0L 1C0",(705) 272-5239,N/A
Pronto store,"5-1 Taylor Ave, Kirkland Lake, Kirkland Lake, ON P2N 2K9",(705) 567-7070,N/A
"Provigo Nolet, Ville-Marie","100 Rue Des Oblats N, Ville-Marie, Qc J9V 1J7",(819) 629-2355,https://www.provigo.ca/store-locator/details/8013
Pure Produce,"245 Mcintyre St, Thunder Bay, Thunder Bay, ON P7A 3B3",(807) 630-4288,N/A
Quickee-mart,"52 Rue Des Pins, Dubreuilville, Algoma, ON P0S 1B0",(705) 884-2070,http://www.facebook.com/pages/Quickee-Mart-Convenience-Store-Dubreuilville-Ontario/107323019321803
Quikway,"667 Cambrian Heights Dr, Sudbury, Sudbury, ON P3C 5C3",(705) 586-0850,N/A
Rankin Confectionary,"450 Frontenac St, Sault Ste Marie, Sault Ste. Marie, ON P6A 5K9",(705) 253-3983,https://www.facebook.com/pages/Rankin-Confectionary/123323334386381
Real Canadian Superstore,"600 Harbour Expressway, Thunder Bay, Thunder Bay, ON P7B 6P4",(807) 343-4500,https://www.realcanadiansuperstore.ca/store-locator/details/1504
Real Food,"Boul St-Jean, Pointe-Claire, Qc P1C 4L3",(705) 349-2510,N/A
Red Pine Store,"100 Kejickbay, Lac Seul, Red Lake, ON P0V 2A0",(807) 582-0303,N/A
Red River Co-op,"640 Government Street, Dryden, Dryden, ON P8N 2P6",(807) 223-3222,N/A
Red Top Motor Inn,"22133 Hwy 17, Iron Bridge, Algoma, ON P0R 1H0",(705) 843-2100,http://www.facebook.com/RedTopMotorInn
Redden's Camp & Store,"4433 Hwy 17 E, Longbow Lake, Hudson, ON P0X 1H0",(807) 548-4066,http://www.reddenscamp.com/
Redditt Mini Mart,"Gd, Redditt, Hudson, ON P0X 1M0",(807) 468-4488,N/A
Resto-dépanneur Souvenirs d'Antan,"913 Principale N, Guérin, Qc J0Z 3E0",N/A,N/A
Rez Mart,"3314 Deemeemguk, Parry Sound, On",(705) 746-7263,N/A
Rice N Spice Heritage,"234 Cumberland St N, Thunder Bay, Thunder Bay, ON P7A 4N3",(807) 356-9110,N/A
Rich-Zest Foods,N/A,(705) 450-1177,N/A
River Road Your Independent Grocer Ottawa,"685 River Rd, Gloucester, Northern Ontario, ON K1V 2G2",(613) 822-4749,https://www.yourindependentgrocer.ca/store-locator/details/7179
Riverview Market,"100 Desjardins St Rr 1, Field, Nipissing, ON P0H 1M0",(705) 758-6200,N/A
Rob's Variety,"27F Maple Ridge Rd Rr 2, Thessalon, Algoma, ON P0R 1L0",(705) 842-2225,N/A
Robinson's General Store (Dorset) Ltd,"1061 Main, Dorset, Parry Sound District, ON P0A 1E0",(705) 766-2415,http://www.robinsonsgeneralstore.ca/
Rock Pine Motel & Restaurant,"2372 Hwy 11 N Gd, Marten River, Nipissing, ON P0H 1T0",(705) 892-2211,N/A
Roger's Valu-mart Dowling,"30 Main St E, Dowling, Sudbury District, ON P0M 1R0",(705) 855-5121,https://www.valumart.ca/store-locator/details/2721
Rome's Your Independent Grocer,"44 Great Northern Rd, Sault Ste Marie, Sault Ste. Marie, ON P6B 4Y5",(705) 253-1726,https://www.yourindependentgrocer.ca/store-locator/details/2683
Rousselle's Valu-Mart,"9 Shebandowan Ave, Manitouwadge, Nipigon, ON P0T 2C0",(807) 826-3077,N/A
Rubino's Gas Bar,"4310 Harold Ave, South Porcupine, Cochrane, ON P0N 1H0",(705) 235-4797,N/A
S & B Food Mart,"96 Mill, Warsaw, Northern Ontario, ON K0L 3A0",(705) 652-8381,http://www.facebook.com/229140281176833
S & M Produce Inc,"3395 Howard, Windsor, Northern Ontario, ON N9E 3N6",(226) 774-5944,https://www.facebook.com/people/Sm-produce/61573652320381/
S And R Variety,"37 John St, Sturgeon Falls, Sturgeon Falls, ON P2B 1Y2",(705) 580-2458,N/A
SONERCO - Garage Rachel Roy 2001 Inc.,"37, Rue Ontario, Notre-Dame-Du-Nord, Qc J0Z 3B0",(819) 723-2240,N/A
Safeway,"417 Scott St, Fort Frances, Fort Frances, ON P9A 1H3",(807) 274-0363,http://www.safeway.ca/find-a-store/store/4809-Safeway-Fort-Frances/
Safeway,"1015 Dawson Rd, Thunder Bay, Thunder Bay, ON P7B 5E3",(807) 475-4470,http://www.safeway.ca/find-a-store/store/4811-Safeway-Arthur-Street/
Safeway,"75 Whyte Ave, Dryden, Dryden, ON P8N 3E6",N/A,https://www.safeway.ca/find-a-store/store/4810-safeway-dryden
Safeway,"400 First Ave S, Kenora, Kenora, ON P9N 1W4",N/A,https://www.safeway.ca/find-a-store/store/4808-safeway-kenora
Saint Charles Food Market,"25 Main, St Charles, Sudbury District, ON P0M 2W0",N/A,N/A
Sam'S Foodline,"55 Broadway, Wawa, Algoma, ON P0S 1K0",(705) 856-2021,N/A
Sam's Mini Mart & Convenience Plus,"59 Labelle St, Hearst, Kapuskasing, ON P5N 1L6",(705) 372-1111,N/A
Sam's Place,"84 Mckinley, Wawa, Algoma, ON P0S 1K0",(705) 856-2513,N/A
Sam's Store,"Big Trout Lake Gd, Big Trout Lake, Red Lake, ON P0V 1G0",(807) 537-2693,N/A
Sandy Lake Gas Station,"Sandy Lake Gd, Sandy Lake, Red Lake, ON P0V 1V0",(807) 774-1337,http://www.myknet.org/
Sandy Lake Snack Bar & Variety,"1071 Lakehurst Rd Rr 2, Lakehurst, Northern Ontario, ON K0L 1J0",(249) 494-0490,https://www.facebook.com/sandylakesnackbar
Sandy Plains Variety,"Sandy Plains Rd S, Rosseau, Mactier, ON P0C 1J0",(705) 732-2898,http://www.thebeerstore.ca/
Santorelli S,"3139 Arthur St W, Thunder Bay, Thunder Bay, ON P7C 4V1",(807) 939-1434,N/A
Santorelli's Esso,"3131 Arthur St, Rosslyn, Thunder Bay, ON P7K 0P2",(905) 338-1386,http://www.mindful.ca/
Saputo Bakery Division,"422 King St, Sudbury, Sudbury, ON P3B 2L1",(705) 671-1416,N/A
Saunders Foodland,"59 Salls, Red Rock, Nipigon, ON P0T 2P0",(807) 886-2630,N/A
Sayers' Foods,"149 Burleigh, Apsley, Northern Ontario, ON K0L 1A0",(705) 656-4531,http://ontario.foodland.ca/stores/apsley-sayers/
Scone & Wong Convenience Plus,"44 Village Rd S, Cutler, Manitoulin, ON P0P 1B0",(705) 844-1867,N/A
Serpent River Trading Post,"479 Hwy 17 N, Cutler, Manitoulin, ON P0P 1B0",(705) 844-2864,http://www.serpentriverfn.ca/
Serpent River Trading Post Gas & Convenience,"479 Hwy 17, Serpent River, Manitoulin, ON P0P 1V0",(705) 844-1139,http://serpentriverfn.ca/
Seventeen Convenience Store,"4 Woodward, Blind River, On",(705) 356-7380,N/A
Shady's Snak Shak,"97 Front, Sioux Lookout, On",(807) 737-7353,N/A
Shell,"148 Ontario Street, Burk'S Falls, Parry Sound District, ON P0A 1C0",(705) 382-3316,https://find.shell.com/ca/fuel/10059002-ontario-st-queen-st
Shell,"29 Regional Road 84, Capreol, Sudbury District, ON P0M 1H0",(705) 858-7171,https://find.shell.com/ca/fuel/12360858-capreol-rd-and-park-ave
Shell,"Main Street, Dorset, Parry Sound District, ON P0A 1E0",(705) 766-2282,http://shell.ca/
Shell,"75 Whyte Avenue, Dryden, Dryden, ON P8N 3E6",(807) 707-9254,https://find.shell.com/ca/fuel/13055106-whyte-avenue
Shell,"135 4 Ave, Englehart, Timiskaming, ON P0J 1H0",(705) 544-2535,N/A
Shell,"1200 Front St, Hearst, Hearst/Cochrane, ON P0L 1N0",(705) 362-4749,http://shell.ca/
Shell,"2 Main St W, Huntsville, Parry Sound District, ON P0A 1K0",(705) 789-4755,https://find.shell.com/ca/fuel/10053413-main-st-e-centre-st-n
Shell,"311 Main Street, Ignace, Nipigon, ON P0T 1T0",(807) 936-0316,https://find.shell.com/ca/fuel/13128623-highway-17-ignace
Shell,"1 Riverside Drive, Kapuskasing, Kapuskasing, ON P5N 1A1",(705) 335-2556,https://find.shell.com/ca/fuel/10052846-riverside-dr-trans-canada-hwy
Shell,"405 2Nd St S, Kenora, Kenora, ON P9N 1G7",(807) 468-5236,https://find.shell.com/ca/fuel/10053335-second-st-s-fourth-ave-s
Shell,"111 Government Rd W, Kirkland Lake, Kirkland Lake, ON P2N 2E8",(705) 567-4440,https://find.shell.com/ca/fuel/10053284-government-rd-w
Shell,"83 Manitowaning Road, Little Current, Manitoulin, ON P0P 1K0",(705) 368-3111,https://find.shell.com/ca/fuel/10059084-manitowaning-rd-and-harbour-vue-rd
Shell,"59 Queen Street, Manitowaning, Manitoulin, ON P0P 1N0",(705) 859-3344,N/A
Shell,"465 Sauble Street East, Massey, Manitoulin, ON P0P 1P0",(705) 865-2858,https://find.shell.com/ca/fuel/10052591-sauble-st
Shell,"2606 Trout Lake Rd, North Bay, North Bay, ON P1B 7S7",(705) 495-6202,https://find.shell.com/ca/fuel/10052668-trout-lake-rd
Shell,"116 Bowes St, Parry Sound, Parry Sound, ON P2A 2L7",(705) 746-1296,https://find.shell.com/ca/fuel/10052754-hwy-69-69b-bowes-st
Shell,"On-69, Pointe Au Baril, Parry Sound, ON P0G 1K0",(705) 366-2999,https://find.shell.com/ca/fuel/10058999-hwy-69-s-hwy-644
Shell,"3658 Hwy 118 West, Port Carling, Muskoka, ON P0B 1J0",(705) 765-5864,http://www.townandcountryesso.ca/home.html
Shell,"479 Main Street, Powassan, Nipissing, ON P0H 1Z0",(705) 208-4676,https://find.shell.com/ca/fuel/13206236-479-main-st
Shell,"266 Korah Rd, Sault Ste Marie, Sault Ste. Marie, ON P6C 4G9",(705) 942-8405,https://shell.ca/
Shell,"314 Highway 124, South River, Parry Sound District, ON P0A 1X0",(705) 386-1575,https://find.shell.com/ca/fuel/10053534-314-highway
Shell,"162 Front Street, Sturgeon Falls, Sturgeon Falls, ON P2B 2H8",(705) 223-5595,https://find.shell.com/ca/fuel/13196998-front-street-sturgeon-falls
Shell,"277 Cumberland Street North, Thunder Bay, Thunder Bay, ON P7A 4N7",(807) 473-4325,https://find.shell.com/ca/fuel/10052960-w-arthur-st-willard-ave
Shell,"565 Algonquin Boulevard East, Timmins, Timmins, ON P4N 7N5",(705) 360-1818,https://find.shell.com/ca/fuel/10053584-algonquin-e-e-of-park
Shell,"Trans-Canada Hwy, Vermilion Bay, Red Lake, ON P0V 2V0",(807) 227-2099,https://find.shell.com/ca/fuel/10052575-hwy-17-vermillion-bay
Shell,"Second Street, Wikwemikong, Manitoulin, ON P0P 1Z0",(705) 859-3788,https://find.shell.com/ca/fuel/10059094-wikwemikong-way
Shell,"Park Road, Whiteshell, Mb R0E 2H0",(204) 349-8322,https://find.shell.com/ca/fuel/10052816-green-ave-park-blvd
Shell,"941 Dugald Road, Anola, Mb R0E 0A0",(416) 755-6069,https://find.shell.com/ca/fuel/10052534-eglinton-ave-e-kennedy
Shell,"Manitoba 1, Prawda, Mb R0E 0X0",(204) 426-5573,https://find.shell.com/ca/fuel/10052532-transcanada-hwy
Shell,"44, Rue Principale O Rr 4, Latulipe, Qc J0Z 2N0",(819) 747-4481,http://www.shell.ca/
Shell Canada,"1438 Lasalle Blvd, Sudbury, Sudbury, ON P3A 1Z7",(705) 522-2690,http://www.shell.ca/
Shell Recharge Charging Station,"386 Great Northern Road, Sault Ste. Marie, Sault Ste. Marie, ON P6B 4Z7",(888) 895-0027,https://find.shell.com/ca/fuel/10053342-great-northern-second-line
Shoal Lake Landing Store,"Shoal Lake Reserve 39, Clearwater Bay, On",(807) 733-3497,N/A
Shoal Lake Mini Mart,"Shoal Lake Grocery Store, Clearwater Bay, On",(807) 733-2217,N/A
Shoprite Fine Foods,"411 Main, Ignace, Nipigon, ON P0T 1T0",(807) 934-2462,http://www.shopritefinefoods.ca/
Sirard's Your Independent Grocer Marathon,"2 Hemlo Dr, Marathon, Nipigon, ON P0T 2E0",(807) 229-8006,https://www.yourindependentgrocer.ca/store-locator/details/1621
Ski's Variety,"508 Second St E, Fort Frances, Fort Frances, ON P9A 1N4",(807) 274-4162,N/A
Skyline Store,"608 Airport Rd, Kenora, Kenora, ON P9N 0A7",(807) 548-4994,N/A
Smith's Ultramar,"34 South Mary Lake Rd, Port Sydney, Muskoka, ON P0B 1L0",(705) 385-2718,https://ultramar.ca/
Smith`s Desbarats Market Inc,"4 Lake Huron Dr, Desbarats, Algoma, ON P0R 1E0",(705) 782-6261,http://www.brucemineschamber.com/smiths.html
Smitty's Convenience,"3-1769 Regent St, Sudbury, Sudbury, ON P3E 3Z7",(705) 522-1774,N/A
Sng Convenience Store,"1 Fairway Blvd Rr 2, Bancroft, Northern Ontario, ON K0L 1C0",(613) 332-3538,N/A
Sobeys,"15 Lindsay St, Fenelon Falls, Central Ontario, ON K0M 1N0",(705) 887-3611,http://www.sobeys.com/en/stores/sobeys-fenelon-falls
Sobeys,"25 Brunetville Rd, Kapuskasing, Kapuskasing, ON P5N 2E9",(705) 337-1231,https://www.sobeys.com/
Sobeys,"25 Pine Dr, Parry Sound, Parry Sound, ON P2A 3B7",(705) 746-7511,http://www.sobeys.com/en/stores/sobeys-parry-sound
Sobeys,"Highway 105 & Discovery Rd, Red Lake, Red Lake, ON P0V 2M0",(807) 727-2855,https://www.sobeys.com/
South Neebing Variety & Laundromat,"2060 Hwy 61, Thunder Bay, Thunder Bay, ON P7C 4Z2",(807) 475-3712,N/A
South Porcupine ESSO,"109 Harold St, South Porcupine, Cochrane, ON P0N 1H0",(705) 235-5540,http://www.imperialoil.ca/
Squitti's Grocery,"325 Bay St, Thunder Bay, Thunder Bay, ON P7B 1S2",(807) 344-1574,https://www.abeautifuldifference.com/
St Andrews Service Centre,"5207 138 Hwy, Cornwall, On",(613) 933-3673,N/A
St Joseph Island Market,"Richards Landing, Richards Landing, Algoma, ON P0R 1J0",(705) 246-2500,http://www.stjosephislandmarket.com/
Station Service Centre-Ville,"557 Ch De Kipawa, Kipawa, Qc J0Z 2H0",(819) 627-3085,N/A
Station Service P Gingras,"1630 Chkipawa, Kipawa, Qc J0Z 2H0",(819) 627-9731,N/A
Station210,"210 Falconbridge Rd, Sudbury, Sudbury, ON P3A 5K3",(705) 507-9296,N/A
Storie's Mini Mart,"2633 Hwy 534, Powassan, Nipissing, ON P0H 1W0",(705) 724-5684,http://www.thebeerstore.ca/
Strang's Your Independent Grocer Bobcaygeon,"101 East St S, Rr2, Bobcaygeon, Central Ontario, ON K0M 1A0",(705) 738-6651,https://www.yourindependentgrocer.ca/store-locator/details/3723
Stratton Service,"122 617 Hwy, Stratton, Rainy River, ON P0W 1N0",(807) 483-5533,http://strattonequipment.com/
Sudbury Tropical Market,"2-893 Notre Dame Ave, Sudbury, Sudbury, ON P3A 2T6",(705) 805-2384,N/A
Supermarche Roy Rouyn Nor,"240 Av Larivière, Rouyn-Noranda, Qc J9X 4G8",(450) 762-7739,N/A
Sure Shot Outdoors,"280 Nippissing St, Sturgeon Falls, Sturgeon Falls, ON P2B 3B3",(705) 753-5871,N/A
Sweet Memories,"4339 Dugas St, Hanmer, Hanmer, ON P3P 0B9",(705) 929-5860,http://www.facebook.com/6916
Swipe Pump & Go Marathon,"82 Peninsula, Nipigon, ON P0T 2E0",N/A,N/A
T & S Variety Store,"269 Dale Ave, Timmins, Timmins, ON P4N 1M7",N/A,N/A
THP Variety,N/A,(807) 622-9676,N/A
THP Variety & Gas Bar,"606 City Rd, Thunder Bay, Thunder Bay, ON P7J 1K5",(807) 622-9626,http://www.facebook.com/pages/THP-Variety-Gas-Bar/149360351782018
TJ Variety,"136 Mcintyre St W, North Bay, North Bay, ON P1B 2Y6",(705) 495-6480,N/A
TJ's Kwik Stop,"34 Hwy 105, Red Lake, Red Lake, ON P0V 2M0",(807) 727-2752,N/A
Taffy's Convenience Inc,"148 Governmen Rd, On",(705) 856-1416,N/A
Talkrs Inc,"453-11 17 Hwy, Nipigon, ON P0T 2J0",(416) 871-6152,N/A
Tanner's Your Independent Grocer,"745 Centre St, Espanola, Espanola, ON P5E 1S8",(705) 869-0284,https://www.yourindependentgrocer.ca/store-locator/details/1624
Tanny Convenience Store,"362 Macdougall St, Matheson, Cochrane District, ON P0K 1N0",(705) 273-3090,http://purolator.com/
Temagami Dry Distributors,N/A,(705) 272-5741,N/A
Texaco Canada Inc,"4 Con Coleman Twp, Cobalt, Timiskaming, ON P0J 1C0",(705) 679-5799,N/A
The Airways General Store,"2667 Second Line W, Sault Ste Marie, Sault Ste. Marie, ON P6A 6K4",(705) 779-3480,N/A
The Bagel Store,"1000 Fort William Rd, Thunder Bay, Thunder Bay, ON P7B 6B9",(807) 623-3336,N/A
The Corner Store,"428 Westmount Ave, Sudbury, Sudbury, ON P3A 5V8",(705) 524-5241,N/A
The Downtown General Store Ltd,"156 South Sparks, Magnetawan, Parry Sound District, ON P0A 1P0",(705) 387-3800,N/A
The Garage,"315 Old Ferguson Rd, Huntsville, Huntsville, ON P1H 2J2",(705) 788-2351,http://the-garage.net/
The Islands Gas & Variety Centre,"3305 Deemeemguk Gd Stn Main Gd Stn Main, Parry Sound, Parry Sound, ON P2A 2X1",(705) 746-3701,N/A
The Kearney General Store,"98 Main, Kearney, Parry Sound District, ON P0A 1M0",(705) 636-7999,N/A
The Loaf N' Jug Food Mart,"1132 Ninth St N, Kenora, Kenora, ON P9N 2T5",(807) 468-4045,N/A
The Marketplace,"40 Elm St, Sudbury, Sudbury, ON P3C 1S8",(705) 671-3112,http://www.cbc.ca/
The New Duchesnay Store,"40 Goulais Cres, North Bay, North Bay, ON P1B 8G5",(705) 475-9877,N/A
The Nickel Refillery Inc.,"Greater Sudbury, On",(705) 805-9969,N/A
The Odena,"Hwy 11-17, Kakabeka Falls, Nipigon, ON P0T 1W0",(807) 475-4573,N/A
The Place Fine Foods,"604 Stewart St, Fort Frances, Fort Frances, ON P9A 2Y2",(807) 274-7849,N/A
The Rabbit Lake Store & Butcher Shop,"147 Rabbitlakerd, Kenora, Kenora, ON P9N 4L1",(807) 548-4177,https://www.facebook.com/pages/Rabbit-Lake-General-Store/194656763935939
The Trading Post,"1332 Great Northern Rd, Sault Ste Marie, Sault Ste. Marie, ON P6A 5K7",(705) 759-4518,https://www.yellowpages.ca#
The Wellington Centre,"67 Wellington St, Sioux Lookout, Sioux Lookout, ON P8T 1E2",(807) 737-4030,https://www.facebook.com/chefcoulson/
Thunder Bay Travel Centre,"1120 Alloy Dr, Thunder Bay, Thunder Bay, ON P7B 6C5",(807) 623-3236,N/A
Timberland General Store,"3030 Hwy 17 N, Goulais River, Algoma, ON P0S 1E0",(705) 649-3200,http://greyhound.ca/
Timmin's Store,"Summer Beaver, Nipigon, ON P0T 3B0",(807) 593-2116,N/A
Todd's Valu-Mart,"52 Bridge St, Hastings, Northern Ontario, ON K0L 1Y0",(705) 696-3504,https://www.valumart.ca/store-locator/details/0851
Todd's Your Independent Grocer,"5121 Country Rd 21, Haliburton, Central Ontario, ON K0M 1S0",(705) 455-9775,https://www.yourindependentgrocer.ca/store-locator/details/0817
Toffanello's Fresh Pasta,"A-119 Wilson Ave, Timmins, Timmins, ON P4N 2S8",(705) 268-6933,N/A
Tony & Jill's NOFRILLS Bancroft,"127 Hastings St N, Bancroft, Northern Ontario, ON K0L 1C0",(866) 987-6453,https://www.nofrills.ca/store-locator/details/3670
Tony's Variety & Video Espanola Ltd,"426 Mead Blvd, Espanola, Espanola, ON P5E 1M1",(705) 869-1011,N/A
Top Shop Variety,"101-119 Pine St S, Timmins, Timmins, ON P4N 2K3",N/A,N/A
Tower Hill Truck Stop,N/A,(807) 934-2219,https://www.facebook.com/pages/Tower-Hill-Truckstop-Ignace-On/135531653198582
Tower Hill Truck Stop,"1030 Main Street Hwy 17 E, Ignace, Nipigon, ON P0T 1T0",N/A,N/A
Township Of Muskoka Vistors Centre,"90 Joseph, Port Carling, Muskoka, ON P0B 1J0",(705) 765-0714,https://www.facebook.com/pages/Muskoka-Lakes-Chamber-of-Commerce/533787036692064
Trapper Trading Post,"2890 Hwy 11 N, Marten River, Nipissing, ON P0H 1T0",(705) 892-2374,http://www.lcbo.ca/
Tronsen Automotive,"379 Fort William Rd, Thunder Bay, Thunder Bay, ON P7B 2Z4",(833) 795-3372,http://tronsenautomotive.ca/
Trout Lake Air Base,"3715 Trout Lake Rd, North Bay, North Bay, ON P1B 8G4",(705) 472-3380,N/A
Truchon Fuel Sale Ltd,"162 Front St, Sturgeon Falls, Sturgeon Falls, ON P2B 2H8",(705) 753-1846,N/A
Ty's Smoke House & Supplies,"3 Village Rd, Blind River, Algoma, ON P0R 1B0",(705) 849-6451,https://www.facebook.com/61571361494775
U Can,"208 Loach'S Rd, Sudbury, Sudbury, ON P3E 2P7",(705) 560-3888,http://www.osakasushiroc.com/
UPI Energy Lp,"282 Main St E Rr 4, Chelmsford, Sudbury District, ON P0M 1L0",(705) 855-0595,N/A
Ultramar,"36 1St Englehart, Englehart, Timiskaming, ON P0J 1H0",(705) 544-7566,http://www.ultramar.ca/
Ultramar,"101-125 Brule St, North Bay, North Bay, ON P1A 3Z5",(705) 472-5440,https://www.ultramar.ca/
Ultramar - Gas Station,"21 Greer Rd, Huntsville, Muskoka, ON P0B 1L0",(705) 788-1333,https://journie.ca/ultramar/on-en/locations?locationId=41973
Ultramar Energy,"1401 Walsh St, Thunder Bay, Thunder Bay, ON P7E 4X6",(807) 475-4241,https://commercial.ultramar.ca/en/locations/details/thunder-bay
Ultramar HomEnergy Centre,"548 Great Northern Rd, Sault Ste Marie, Sault Ste. Marie, ON P6B 4Z9",(705) 256-8491,N/A
United Kingdom Shoppe The,"6-91 George St N, Peterborough, Northern Ontario, ON K9J 3G3",(705) 745-0085,http://theukshoppe.ca/
Utterson General Store & Hwy 141 Cafe,"20 Township Hall Rd, Muskoka, ON P0B 1L0",(705) 385-9497,N/A
V G Last Stop,"590 Rue Principale, Val Gagne, Cochrane District, ON P0K 1W0",(705) 232-5750,http://val-gagne-vg-last-stop.small-outlets.lcbo.tel/
Valencia General Store,"Valentia, Little Britain, Central Ontario, ON K0M 2C0",(705) 786-2288,N/A
Valley Foods,"4591 Oliver Rd, Murillo, Nipigon, ON P0T 2G0",(807) 935-2611,http://www.thebeerstore.ca/
Valley Poultry Packers,"3134 Main St, Blezard Valley, Sudbury District, ON P0M 1E0",(705) 897-6184,http://www.facebook.com/860
Valu-Mart,"12646 35 Hwy, Minden, Central Ontario, ON K0M 2K0",(705) 286-6032,N/A
Vermilion Bay Co-Operative Limited,"84 Spruce, Vermilion Bay, Red Lake, ON P0V 2V0",(807) 227-2160,https://www.vermilionbayco-op.crs/sites/vermilionbay/
Vet's Confectionery,"6 Sixth Ave S, Kenora, Kenora, ON P9N 2B5",(807) 468-6394,N/A
Victoria Beach Grocery & General Store,"111 Birch Ave Gd, Victoria Beach, Mb R0E 2C0",(905) 372-7358,N/A
Video Supermarket,"200 Johnson Ave, Thunder Bay, Thunder Bay, ON P7B 6C3",(807) 345-4274,N/A
Village Corner Gas Bar & Bus Stop,N/A,(807) 227-2241,N/A
Village Gate Variety,"101 East St S Rr 2, Bobcaygeon, Central Ontario, ON K0M 1A0",(705) 738-1088,N/A
Village General Store & Hotel,"22274 Hwy 17, Algoma, ON P0R 1H0",(705) 843-1100,N/A
Vintage Corner Store,"19013 Pr 210, Woodridge, Mb R0A 2N0",(204) 429-2263,N/A
Voyageur Bait And Tackle,"Hwy 11B, Atikokan, Nipigon, ON P0T 1C0",(807) 597-1575,N/A
Wabigoon Lake Community Store,"Wabigoon Indian Reserve 27, Dinorwic, On",(807) 938-6867,N/A
Wagner's General Store,"649 Astorville, Callander, Nipissing, ON P0H 1K0",(705) 752-5057,N/A
Wahnapitae General Store,"5 Bank St, Wahnapitae, Sudbury District, ON P0M 3C0",(705) 694-4511,N/A
Wallenstein General Store Inc,"7278 Line 86, Wallenstein, Northern Ontario, ON N0B 2S0",(226) 444-2588,N/A
Wapekeka Community Store Inc,"Big Trout Lake, Big Trout Lake, Manitoulin, ON P0P 1B0",(807) 537-1164,N/A
Watani & Sons Corp,N/A,(613) 854-7777,https://wataniandsons.com/
Water Pumping Station,"60 Wellington St, Sioux Lookout, Sioux Lookout, ON P8T 1E1",(807) 737-1704,N/A
Watkins Distributor - Tara Plausini Id#430174,"535 Byng St, Sudbury, Sudbury, ON P3C 3N4",(416) 548-8897,http://www.baystreetvideo.com/
Watkins Independent Associate Cindy Sparling 397 446,N/A,(705) 575-1559,N/A
Waubaushene Truck Stop,"21 Quarry Rd, Waubaushene, Northern Ontario, ON L0K 2C0",(705) 315-0594,http://www.waubaushenetruckstop.com/
Wavers Of Brokenhead CD,"1 Bear Rd, Scanterbury, Mb R0E 1W0",(204) 766-2244,https://www.facebook.com/pages/Wavers-Chicken-Delight/648098811880766
Waylin Enterprise,"Po Box 73012, Hamilton, Northern Ontario, ON L9A 5H7",N/A,http://www.waylinenterprise.com/
Webster's Beacon,"25888 Hwy 35, Dwight, Parry Sound District, ON P0A 1H0",(705) 635-2185,N/A
West End Cannabis VB,"260 Howey, Red Lake, Red Lake, ON P0V 2M0",(807) 727-2806,N/A
West Guilford Shopping Centre,"1116 Kennisis Lake, West Guilford, Central Ontario, ON K0M 2S0",(705) 754-2162,http://www.thebeerstore.ca/
Westfair Foods Gas Bar,"16 10Th Av S, Kenora, Kenora, ON P9N 2J5",(807) 467-2348,N/A
Westfort Foods Inc,"111 Frederica St E, Thunder Bay, Thunder Bay, ON P7E 3V4",(807) 623-4220,http://www.westfortfoods.com/
Westside Jug City,"29 King St E, Bobcaygeon, Central Ontario, ON K0M 1A0",(705) 738-5474,N/A
What A Convienence,"2061 Kanienkehaka Iohatatie, Bala, Mactier, ON P0C 1A0",(705) 762-1923,https://www.wahtaconvenience.com/
What's 4 Dinr,"107 Shirreff Ave, North Bay, North Bay, ON P1B 7K8",(705) 476-5600,N/A
Wholesale Club Kenora,"16 Tenth Ave S, Kenora, Kenora, ON P9N 2J4",(807) 468-1770,https://www.wholesaleclub.ca/store-locator/details/6720
Wilson's Fine Foods,"30 Spruce, Ear Falls, Red Lake, ON P0V 1T0",(807) 222-1080,https://www.wilsonsfinefoods.ca/
Woodcrest Confectionary,"119 Woodcrest Dr, Longlac, Nipigon, ON P0T 2A0",(807) 876-9572,http://www.longlacwoodcrest.com/
Woodville Food Market,"99 King, Woodville, Central Ontario, ON K0M 2T0",(705) 439-2471,http://www.thebeerstore.ca/
XTR,"4810 Hwy 17, Upsala, Nipigon, ON P0T 2Y0",(807) 986-2389,https://business.site/
Your Dollar Store With More,"1-15 Edward St, Wikwemikong, Manitoulin, ON P0P 2J0",(705) 859-2554,https://www.dollarstore.ca/
Yuill's Valu-Mart,"19625 On-60, Barry'S Bay, Northern Ontario, ON K0J 1B0",(613) 756-2023,https://www.valumart.ca/store-locator/details/2632
Zechner's Ltd,"155 Railway, Nipigon, Nipigon, ON P0T 2J0",(844) 206-2411,http://www.facebook.com/pages/Zechners-Foodmarket/317061245086719
Zehrs Markets,"1012 Hubrey Rd, London, Northern Ontario, ON N6N 1B5",(807) 476-1462,http://www.facebook.com/737089596499807
Zig's Place,"Hwy 621, Morson, Rainy River, ON P0W 1M0",(807) 488-9637,N/A
Zudel's Limited,"49 Dale Ave, Timmins, Timmins, ON P4N 1L9",(705) 267-4500,N/A
circle k,"26 Main St N,Unit 5, Callander, Nipissing, ON P0H 1H0",(705) 752-3815,https://www.circlek.com/ca/ontario/store-locator/CA/callander/26-main-st-north-unit-5/0800028
circle k,"12 Cameron St E, Cannington, Northern Ontario, ON L0E 1E0",(705) 432-2539,https://www.circlek.com/ca/ontario/store-locator/CA/cannington/12-cameron-st-e/0863047
circle k,"3525 Highway 144, Chelmsford, Sudbury District, ON P0M 1L0",(705) 855-6732,https://www.circlek.com/ca/ontario/store-locator/CA/chelmsford/3525-highway-144/0801349
circle k,"110 Centre St, Espanola, Espanola, ON P5E 1S4",(705) 869-1712,https://www.circlek.com/ca/ontario/store-locator/CA/espanola/110-centre-street/0801011
circle k,"75 William St North, Lindsay, Northern Ontario, ON K9V 4A3",(705) 324-3060,https://www.circlek.com/ca/ontario/store-locator/CA/lindsay/75-william-street-north/0800816
circle k,"150 Regional Rd 24, Lively, Lively, ON P3Y 1J3",(705) 692-9633,https://www.circlek.com/ca/ontario/store-locator/CA/lively/150-regional-road-24/0801785
circle k,"20 Peninsula Rd, Marathon, Nipigon, ON P0T 2E0",(807) 229-2066,https://www.circlek.com/ca/ontario/store-locator/CA/marathon/20-peninsula-road/0800088
circle k,"14 Paget St, New Liskeard, Timiskaming, ON P0J 1P0",(705) 647-9229,https://www.circlek.com/ca/ontario/store-locator/CA/new-liskeard/14-paget-street-south/0800102
circle k,"621 Cassells St, North Bay, North Bay, ON P1B 4A1",(705) 476-6697,https://www.circlek.com/ca/ontario/store-locator/CA/north-bay/617-main-st-e/0801276
circle k,"628 Third Line East, Sault Ste Marie, Sault Ste. Marie, ON P6A 6J8",(705) 253-4985,https://www.circlek.com/ca/ontario/store-locator/CA/sault-ste-marie/628-third-line-east/0801713
circle k,"60 Dwyer Ave, Schumacher, Cochrane, ON P0N 1G0",(705) 264-2077,https://www.circlek.com/ca/ontario/store-locator/CA/schumacher/60-dwyer-avenue/0801251
circle k,"4327 Harold Ave East, South Porcupine, Cochrane, ON P0N 1H0",(705) 235-8350,https://www.circlek.com/ca/ontario/store-locator/CA/south-porcupine/4327-harold-avenue-east/0800092
circle k,"496 Notre Dame Ave, Sudbury, Sudbury, ON P3C 5L2",(705) 566-0218,https://www.circlek.com/ca/ontario/store-locator
circle k,"394 Oliver Rd, Thunder Bay, Thunder Bay, ON P7B 2G3",(807) 344-7796,https://www.circlek.com/ca/ontario/store-locator/CA/thunder-bay/394-oliver-rd/0800069
circle k,"287 Algonquin Road West, Timmins, Timmins, ON P4N 2R9",(705) 268-8281,https://www.circlek.com/ca/ontario/store-locator/CA/timmins/20-victoria-ave/0801249
circle k,"7887 Tecumseh Rd East, Windsor, Northern Ontario, ON N8T 1G3",(519) 969-9528,https://www.circlek.com/ca/ontario/store-locator/CA/lasalle/2055-sandwich-parkway-w/0801385
circle k,"60 Kaybob Dr South, Fox Creek, Ab T0H 1P0",(416) 282-3317,https://www.circlek.com/ca/ontario/store-locator/CA/toronto/30-dean-park-road-unit-r22/0800798
husky,"3090 Hwy 11 N, North Bay, North Bay, ON P1B 8G3",N/A,N/A
husky/esso,"3131 West Arthur St, Rosslyn, Thunder Bay, ON P7K 0P2",N/A,http://local.myhusky.ca/on/toronto/861-avenue-rd/
husky/esso,"1275 Trunk Rd, Sault Ste Marie, Sault Ste. Marie, ON P6A 6X8",N/A,http://local.myhusky.ca/on/toronto/861-avenue-rd/
on the run - convenience store,"1000 Algonquin Ave, North Bay, North Bay, ON P1B 4X7",(705) 495-3776,https://www.ontherunstores.com/locations/42404
on the run - convenience store,"514 Cumberland St N, Thunder Bay, Thunder Bay, ON P7A 4S1",(807) 345-6721,https://www.ontherunstores.com/locations/43441
on the run - convenience store,"12597 On-35, Minden, Central Ontario, ON K0M 2K0",N/A,https://www.ontherunstores.com/locations/42400
pipeline commercial,"36 1St St, Englehart, Timiskaming, ON P0J 1H0",(800) 267-3501,https://commercial.ultramar.ca/en/locations/details/englehart/
the c store,"180 Lasalle Blvd, Sudbury, Sudbury, ON P3A 4Z3",(705) 524-0364,N/A
the c store,"562 Algonquin Blvd E, Timmins, Timmins, ON P4N 1B7",(705) 897-4774,N/A
ultramar energy,"1030 Railway St, Kenora, Kenora, ON P9N 3X8",(807) 468-6150,https://commercial.ultramar.ca/en/locations/details/kenora/
ultramar energy,"17 Duhamel Rd, Lively, Lively, ON P3Y 1L3",(705) 692-5447,https://commercial.ultramar.ca/en/locations/details/sudbury/
ultramar energy,"Hwy 17, 10 Kingsway, Schreiber, Nipigon, ON P0T 2S0",(807) 824-2383,https://commercial.ultramar.ca/en/locations/details/schreiber/
